{
  "best_epoch": 262,
  "peak_cpu_memory_MB": 2963.864,
  "peak_gpu_0_memory_MB": 3666,
  "peak_gpu_1_memory_MB": 10,
  "peak_gpu_2_memory_MB": 10,
  "training_duration": "0:16:52.076524",
  "training_start_epoch": 0,
  "training_epochs": 309,
  "epoch": 309,
  "training_precision-overall": 0.9884615384615383,
  "training_recall-overall": 0.9809160305343511,
  "training_f1-measure-overall": 0.9846743295018657,
  "training_loss": 0.008201107291824883,
  "training_cpu_memory_MB": 2963.864,
  "training_gpu_0_memory_MB": 3666,
  "training_gpu_1_memory_MB": 10,
  "training_gpu_2_memory_MB": 10,
  "validation_precision-overall": 0.8097826086956517,
  "validation_recall-overall": 0.7449999999999996,
  "validation_f1-measure-overall": 0.7760416666666164,
  "validation_loss": 1.459312081336975,
  "best_validation_precision-overall": 0.8118279569892468,
  "best_validation_recall-overall": 0.7549999999999996,
  "best_validation_f1-measure-overall": 0.7823834196890688,
  "best_validation_loss": 1.2544240951538086
}