{
  "best_epoch": 249,
  "peak_cpu_memory_MB": 2963.864,
  "peak_gpu_0_memory_MB": 3666,
  "peak_gpu_1_memory_MB": 10,
  "peak_gpu_2_memory_MB": 10,
  "training_duration": "0:13:51.397042",
  "training_start_epoch": 0,
  "training_epochs": 252,
  "epoch": 252,
  "training_precision-overall": 0.9922680412371132,
  "training_recall-overall": 0.9796437659033077,
  "training_f1-measure-overall": 0.9859154929576963,
  "training_loss": 0.008379328668524977,
  "training_cpu_memory_MB": 2963.864,
  "training_gpu_0_memory_MB": 3666,
  "training_gpu_1_memory_MB": 10,
  "training_gpu_2_memory_MB": 10,
  "validation_precision-overall": 0.7989130434782604,
  "validation_recall-overall": 0.7349999999999995,
  "validation_f1-measure-overall": 0.7656249999999497,
  "validation_loss": 1.352627158164978,
  "best_validation_precision-overall": 0.8042328042328037,
  "best_validation_recall-overall": 0.7599999999999996,
  "best_validation_f1-measure-overall": 0.7814910025706437,
  "best_validation_loss": 1.2655894756317139
}