{
  "best_epoch": 21,
  "peak_cpu_memory_MB": 2963.864,
  "peak_gpu_0_memory_MB": 3666,
  "peak_gpu_1_memory_MB": 10,
  "peak_gpu_2_memory_MB": 10,
  "training_duration": "0:01:16.950943",
  "training_start_epoch": 0,
  "training_epochs": 22,
  "epoch": 22,
  "training_precision-overall": 0.728668941979522,
  "training_recall-overall": 0.5432569974554706,
  "training_f1-measure-overall": 0.6224489795917877,
  "training_loss": 0.3277298081666231,
  "training_cpu_memory_MB": 2963.864,
  "training_gpu_0_memory_MB": 3666,
  "training_gpu_1_memory_MB": 10,
  "training_gpu_2_memory_MB": 10,
  "validation_precision-overall": 0.7610619469026542,
  "validation_recall-overall": 0.42999999999999977,
  "validation_f1-measure-overall": 0.5495207667731165,
  "validation_loss": 0.4552493393421173,
  "best_validation_precision-overall": 0.7480314960629916,
  "best_validation_recall-overall": 0.47499999999999976,
  "best_validation_f1-measure-overall": 0.5810397553516341,
  "best_validation_loss": 0.4367198050022125
}