{
  "best_epoch": 262,
  "peak_cpu_memory_MB": 2963.864,
  "peak_gpu_0_memory_MB": 3666,
  "peak_gpu_1_memory_MB": 10,
  "peak_gpu_2_memory_MB": 10,
  "training_duration": "0:16:07.872411",
  "training_start_epoch": 0,
  "training_epochs": 295,
  "epoch": 295,
  "training_precision-overall": 0.9847328244274808,
  "training_recall-overall": 0.9847328244274808,
  "training_f1-measure-overall": 0.9847328244274308,
  "training_loss": 0.007962091596709797,
  "training_cpu_memory_MB": 2963.864,
  "training_gpu_0_memory_MB": 3666,
  "training_gpu_1_memory_MB": 10,
  "training_gpu_2_memory_MB": 10,
  "validation_precision-overall": 0.8430232558139529,
  "validation_recall-overall": 0.7249999999999995,
  "validation_f1-measure-overall": 0.7795698924730681,
  "validation_loss": 1.4231512546539307,
  "best_validation_precision-overall": 0.8118279569892468,
  "best_validation_recall-overall": 0.7549999999999996,
  "best_validation_f1-measure-overall": 0.7823834196890688,
  "best_validation_loss": 1.2544240951538086
}