{
  "best_epoch": 262,
  "peak_cpu_memory_MB": 2963.864,
  "peak_gpu_0_memory_MB": 3666,
  "peak_gpu_1_memory_MB": 10,
  "peak_gpu_2_memory_MB": 10,
  "training_duration": "0:14:46.889200",
  "training_start_epoch": 0,
  "training_epochs": 269,
  "epoch": 269,
  "training_precision-overall": 0.9897172236503855,
  "training_recall-overall": 0.9796437659033077,
  "training_f1-measure-overall": 0.9846547314577504,
  "training_loss": 0.008548944108042633,
  "training_cpu_memory_MB": 2963.864,
  "training_gpu_0_memory_MB": 3666,
  "training_gpu_1_memory_MB": 10,
  "training_gpu_2_memory_MB": 10,
  "validation_precision-overall": 0.8181818181818177,
  "validation_recall-overall": 0.7199999999999996,
  "validation_f1-measure-overall": 0.7659574468084606,
  "validation_loss": 1.3718206882476807,
  "best_validation_precision-overall": 0.8118279569892468,
  "best_validation_recall-overall": 0.7549999999999996,
  "best_validation_f1-measure-overall": 0.7823834196890688,
  "best_validation_loss": 1.2544240951538086
}