{
  "best_epoch": 11,
  "peak_cpu_memory_MB": 2963.864,
  "peak_gpu_0_memory_MB": 3666,
  "peak_gpu_1_memory_MB": 10,
  "peak_gpu_2_memory_MB": 10,
  "training_duration": "0:00:38.035663",
  "training_start_epoch": 0,
  "training_epochs": 11,
  "epoch": 11,
  "training_precision-overall": 0.2751091703056767,
  "training_recall-overall": 0.08015267175572519,
  "training_f1-measure-overall": 0.12413793103444783,
  "training_loss": 0.8970823660492897,
  "training_cpu_memory_MB": 2963.864,
  "training_gpu_0_memory_MB": 3666,
  "training_gpu_1_memory_MB": 10,
  "training_gpu_2_memory_MB": 10,
  "validation_precision-overall": 0.824999999999998,
  "validation_recall-overall": 0.1649999999999999,
  "validation_f1-measure-overall": 0.27499999999997193,
  "validation_loss": 1.0590611696243286,
  "best_validation_precision-overall": 0.824999999999998,
  "best_validation_recall-overall": 0.1649999999999999,
  "best_validation_f1-measure-overall": 0.27499999999997193,
  "best_validation_loss": 1.0590611696243286
}