{
  "best_epoch": 249,
  "peak_cpu_memory_MB": 2963.864,
  "peak_gpu_0_memory_MB": 3666,
  "peak_gpu_1_memory_MB": 10,
  "peak_gpu_2_memory_MB": 10,
  "training_duration": "0:14:11.458214",
  "training_start_epoch": 0,
  "training_epochs": 258,
  "epoch": 258,
  "training_precision-overall": 0.9834605597964375,
  "training_recall-overall": 0.9834605597964375,
  "training_f1-measure-overall": 0.9834605597963876,
  "training_loss": 0.00883702647206519,
  "training_cpu_memory_MB": 2963.864,
  "training_gpu_0_memory_MB": 3666,
  "training_gpu_1_memory_MB": 10,
  "training_gpu_2_memory_MB": 10,
  "validation_precision-overall": 0.8248587570621464,
  "validation_recall-overall": 0.7299999999999995,
  "validation_f1-measure-overall": 0.7745358090185174,
  "validation_loss": 1.2855039834976196,
  "best_validation_precision-overall": 0.8042328042328037,
  "best_validation_recall-overall": 0.7599999999999996,
  "best_validation_f1-measure-overall": 0.7814910025706437,
  "best_validation_loss": 1.2655894756317139
}