{
  "best_epoch": 262,
  "peak_cpu_memory_MB": 2963.864,
  "peak_gpu_0_memory_MB": 3666,
  "peak_gpu_1_memory_MB": 10,
  "peak_gpu_2_memory_MB": 10,
  "training_duration": "0:17:51.738823",
  "training_start_epoch": 0,
  "training_epochs": 328,
  "epoch": 328,
  "training_precision-overall": 0.8953488372093021,
  "training_recall-overall": 0.881679389312977,
  "training_f1-measure-overall": 0.8884615384614882,
  "training_loss": 0.13022207794710994,
  "training_cpu_memory_MB": 2963.864,
  "training_gpu_0_memory_MB": 3666,
  "training_gpu_1_memory_MB": 10,
  "training_gpu_2_memory_MB": 10,
  "validation_precision-overall": 0.6711111111111108,
  "validation_recall-overall": 0.7549999999999996,
  "validation_f1-measure-overall": 0.7105882352940674,
  "validation_loss": 1.0245102643966675,
  "best_validation_precision-overall": 0.8118279569892468,
  "best_validation_recall-overall": 0.7549999999999996,
  "best_validation_f1-measure-overall": 0.7823834196890688,
  "best_validation_loss": 1.2544240951538086
}