{
  "best_epoch": 262,
  "peak_cpu_memory_MB": 2963.864,
  "peak_gpu_0_memory_MB": 3668,
  "peak_gpu_1_memory_MB": 10,
  "peak_gpu_2_memory_MB": 10,
  "training_duration": "0:23:18.285780",
  "training_start_epoch": 0,
  "training_epochs": 432,
  "epoch": 432,
  "training_precision-overall": 0.9885204081632651,
  "training_recall-overall": 0.986005089058524,
  "training_f1-measure-overall": 0.9872611464967652,
  "training_loss": 0.006937492451470462,
  "training_cpu_memory_MB": 2963.864,
  "training_gpu_0_memory_MB": 3668,
  "training_gpu_1_memory_MB": 10,
  "training_gpu_2_memory_MB": 10,
  "validation_precision-overall": 0.7945945945945941,
  "validation_recall-overall": 0.7349999999999995,
  "validation_f1-measure-overall": 0.7636363636363134,
  "validation_loss": 1.4154503345489502,
  "best_validation_precision-overall": 0.8118279569892468,
  "best_validation_recall-overall": 0.7549999999999996,
  "best_validation_f1-measure-overall": 0.7823834196890688,
  "best_validation_loss": 1.2544240951538086
}