{
  "best_epoch": 21,
  "peak_cpu_memory_MB": 2963.864,
  "peak_gpu_0_memory_MB": 3666,
  "peak_gpu_1_memory_MB": 10,
  "peak_gpu_2_memory_MB": 10,
  "training_duration": "0:01:13.185565",
  "training_start_epoch": 0,
  "training_epochs": 21,
  "epoch": 21,
  "training_precision-overall": 0.6947935368043087,
  "training_recall-overall": 0.4923664122137404,
  "training_f1-measure-overall": 0.5763216679076207,
  "training_loss": 0.3761674389243126,
  "training_cpu_memory_MB": 2963.864,
  "training_gpu_0_memory_MB": 3666,
  "training_gpu_1_memory_MB": 10,
  "training_gpu_2_memory_MB": 10,
  "validation_precision-overall": 0.7480314960629916,
  "validation_recall-overall": 0.47499999999999976,
  "validation_f1-measure-overall": 0.5810397553516341,
  "validation_loss": 0.4367198050022125,
  "best_validation_precision-overall": 0.7480314960629916,
  "best_validation_recall-overall": 0.47499999999999976,
  "best_validation_f1-measure-overall": 0.5810397553516341,
  "best_validation_loss": 0.4367198050022125
}