{
  "best_epoch": 123,
  "peak_cpu_memory_MB": 2963.864,
  "peak_gpu_0_memory_MB": 3666,
  "peak_gpu_1_memory_MB": 10,
  "peak_gpu_2_memory_MB": 10,
  "training_duration": "0:12:41.819753",
  "training_start_epoch": 0,
  "training_epochs": 231,
  "epoch": 231,
  "training_precision-overall": 0.9858974358974357,
  "training_recall-overall": 0.9783715012722645,
  "training_f1-measure-overall": 0.9821200510855181,
  "training_loss": 0.009093114820643677,
  "training_cpu_memory_MB": 2963.864,
  "training_gpu_0_memory_MB": 3666,
  "training_gpu_1_memory_MB": 10,
  "training_gpu_2_memory_MB": 10,
  "validation_precision-overall": 0.7967032967032962,
  "validation_recall-overall": 0.7249999999999995,
  "validation_f1-measure-overall": 0.7591623036648711,
  "validation_loss": 1.2054002285003662,
  "best_validation_precision-overall": 0.8166666666666661,
  "best_validation_recall-overall": 0.7349999999999995,
  "best_validation_f1-measure-overall": 0.7736842105262655,
  "best_validation_loss": 0.9223098158836365
}