{
  "best_epoch": 39,
  "peak_cpu_memory_MB": 2963.864,
  "peak_gpu_0_memory_MB": 3666,
  "peak_gpu_1_memory_MB": 10,
  "peak_gpu_2_memory_MB": 10,
  "training_duration": "0:02:20.840578",
  "training_start_epoch": 0,
  "training_epochs": 41,
  "epoch": 41,
  "training_precision-overall": 0.807740324594257,
  "training_recall-overall": 0.8231552162849871,
  "training_f1-measure-overall": 0.8153749212349845,
  "training_loss": 0.1684812605381012,
  "training_cpu_memory_MB": 2963.864,
  "training_gpu_0_memory_MB": 3666,
  "training_gpu_1_memory_MB": 10,
  "training_gpu_2_memory_MB": 10,
  "validation_precision-overall": 0.841059602649006,
  "validation_recall-overall": 0.6349999999999997,
  "validation_f1-measure-overall": 0.7236467236466744,
  "validation_loss": 0.4565434753894806,
  "best_validation_precision-overall": 0.7814207650273219,
  "best_validation_recall-overall": 0.7149999999999996,
  "best_validation_f1-measure-overall": 0.7467362924281482,
  "best_validation_loss": 0.39572542905807495
}