{
  "best_epoch": 262,
  "peak_cpu_memory_MB": 2963.864,
  "peak_gpu_0_memory_MB": 3666,
  "peak_gpu_1_memory_MB": 10,
  "peak_gpu_2_memory_MB": 10,
  "training_duration": "0:17:57.984229",
  "training_start_epoch": 0,
  "training_epochs": 330,
  "epoch": 330,
  "training_precision-overall": 0.9818417639429311,
  "training_recall-overall": 0.9631043256997454,
  "training_f1-measure-overall": 0.972382787411639,
  "training_loss": 0.022663464507786557,
  "training_cpu_memory_MB": 2963.864,
  "training_gpu_0_memory_MB": 3666,
  "training_gpu_1_memory_MB": 10,
  "training_gpu_2_memory_MB": 10,
  "validation_precision-overall": 0.7643979057591619,
  "validation_recall-overall": 0.7299999999999995,
  "validation_f1-measure-overall": 0.746803069053658,
  "validation_loss": 0.8639954328536987,
  "best_validation_precision-overall": 0.8118279569892468,
  "best_validation_recall-overall": 0.7549999999999996,
  "best_validation_f1-measure-overall": 0.7823834196890688,
  "best_validation_loss": 1.2544240951538086
}