{
  "best_epoch": 123,
  "peak_cpu_memory_MB": 2963.864,
  "peak_gpu_0_memory_MB": 3666,
  "peak_gpu_1_memory_MB": 10,
  "peak_gpu_2_memory_MB": 10,
  "training_duration": "0:10:15.636070",
  "training_start_epoch": 0,
  "training_epochs": 187,
  "epoch": 187,
  "training_precision-overall": 0.982233502538071,
  "training_recall-overall": 0.9847328244274808,
  "training_f1-measure-overall": 0.9834815756035077,
  "training_loss": 0.009699359133264807,
  "training_cpu_memory_MB": 2963.864,
  "training_gpu_0_memory_MB": 3666,
  "training_gpu_1_memory_MB": 10,
  "training_gpu_2_memory_MB": 10,
  "validation_precision-overall": 0.8021978021978017,
  "validation_recall-overall": 0.7299999999999995,
  "validation_f1-measure-overall": 0.7643979057591119,
  "validation_loss": 1.1231995820999146,
  "best_validation_precision-overall": 0.8166666666666661,
  "best_validation_recall-overall": 0.7349999999999995,
  "best_validation_f1-measure-overall": 0.7736842105262655,
  "best_validation_loss": 0.9223098158836365
}