{
  "best_epoch": 26,
  "peak_cpu_memory_MB": 2963.864,
  "peak_gpu_0_memory_MB": 3666,
  "peak_gpu_1_memory_MB": 10,
  "peak_gpu_2_memory_MB": 10,
  "training_duration": "0:01:30.637578",
  "training_start_epoch": 0,
  "training_epochs": 26,
  "epoch": 26,
  "training_precision-overall": 0.7557755775577556,
  "training_recall-overall": 0.5826972010178116,
  "training_f1-measure-overall": 0.6580459770114451,
  "training_loss": 0.2918327506631613,
  "training_cpu_memory_MB": 2963.864,
  "training_gpu_0_memory_MB": 3666,
  "training_gpu_1_memory_MB": 10,
  "training_gpu_2_memory_MB": 10,
  "validation_precision-overall": 0.7624999999999995,
  "validation_recall-overall": 0.6099999999999997,
  "validation_f1-measure-overall": 0.6777777777777281,
  "validation_loss": 0.39371591806411743,
  "best_validation_precision-overall": 0.7624999999999995,
  "best_validation_recall-overall": 0.6099999999999997,
  "best_validation_f1-measure-overall": 0.6777777777777281,
  "best_validation_loss": 0.39371591806411743
}