{
  "best_epoch": 46,
  "peak_cpu_memory_MB": 2963.864,
  "peak_gpu_0_memory_MB": 3666,
  "peak_gpu_1_memory_MB": 10,
  "peak_gpu_2_memory_MB": 10,
  "training_duration": "0:03:47.919527",
  "training_start_epoch": 0,
  "training_epochs": 68,
  "epoch": 68,
  "training_precision-overall": 0.933673469387755,
  "training_recall-overall": 0.931297709923664,
  "training_f1-measure-overall": 0.932484076433071,
  "training_loss": 0.056044507218757644,
  "training_cpu_memory_MB": 2963.864,
  "training_gpu_0_memory_MB": 3666,
  "training_gpu_1_memory_MB": 10,
  "training_gpu_2_memory_MB": 10,
  "validation_precision-overall": 0.729468599033816,
  "validation_recall-overall": 0.7549999999999996,
  "validation_f1-measure-overall": 0.7420147420146916,
  "validation_loss": 0.6145313382148743,
  "best_validation_precision-overall": 0.8139534883720925,
  "best_validation_recall-overall": 0.6999999999999996,
  "best_validation_f1-measure-overall": 0.7526881720429607,
  "best_validation_loss": 0.48545584082603455
}