{
  "best_epoch": 46,
  "peak_cpu_memory_MB": 2963.864,
  "peak_gpu_0_memory_MB": 3666,
  "peak_gpu_1_memory_MB": 10,
  "peak_gpu_2_memory_MB": 10,
  "training_duration": "0:03:32.116443",
  "training_start_epoch": 0,
  "training_epochs": 63,
  "epoch": 63,
  "training_precision-overall": 0.8930412371134019,
  "training_recall-overall": 0.881679389312977,
  "training_f1-measure-overall": 0.8873239436619217,
  "training_loss": 0.09898159326985478,
  "training_cpu_memory_MB": 2963.864,
  "training_gpu_0_memory_MB": 3666,
  "training_gpu_1_memory_MB": 10,
  "training_gpu_2_memory_MB": 10,
  "validation_precision-overall": 0.794117647058823,
  "validation_recall-overall": 0.6749999999999996,
  "validation_f1-measure-overall": 0.7297297297296795,
  "validation_loss": 0.6080169081687927,
  "best_validation_precision-overall": 0.8139534883720925,
  "best_validation_recall-overall": 0.6999999999999996,
  "best_validation_f1-measure-overall": 0.7526881720429607,
  "best_validation_loss": 0.48545584082603455
}