{
  "best_epoch": 33,
  "peak_cpu_memory_MB": 2963.864,
  "peak_gpu_0_memory_MB": 3666,
  "peak_gpu_1_memory_MB": 10,
  "peak_gpu_2_memory_MB": 10,
  "training_duration": "0:01:57.995550",
  "training_start_epoch": 0,
  "training_epochs": 34,
  "epoch": 34,
  "training_precision-overall": 0.6963503649635036,
  "training_recall-overall": 0.6068702290076335,
  "training_f1-measure-overall": 0.6485384092453614,
  "training_loss": 0.29033620841801167,
  "training_cpu_memory_MB": 2963.864,
  "training_gpu_0_memory_MB": 3666,
  "training_gpu_1_memory_MB": 10,
  "training_gpu_2_memory_MB": 10,
  "validation_precision-overall": 0.6758241758241754,
  "validation_recall-overall": 0.6149999999999997,
  "validation_f1-measure-overall": 0.6439790575915728,
  "validation_loss": 0.4166145324707031,
  "best_validation_precision-overall": 0.6919431279620849,
  "best_validation_recall-overall": 0.7299999999999995,
  "best_validation_f1-measure-overall": 0.7104622871045726,
  "best_validation_loss": 0.45349621772766113
}