{
  "best_epoch": 123,
  "peak_cpu_memory_MB": 2963.864,
  "peak_gpu_0_memory_MB": 3666,
  "peak_gpu_1_memory_MB": 10,
  "peak_gpu_2_memory_MB": 10,
  "training_duration": "0:12:35.133276",
  "training_start_epoch": 0,
  "training_epochs": 229,
  "epoch": 229,
  "training_precision-overall": 0.981012658227848,
  "training_recall-overall": 0.986005089058524,
  "training_f1-measure-overall": 0.9835025380710158,
  "training_loss": 0.009120538376919285,
  "training_cpu_memory_MB": 2963.864,
  "training_gpu_0_memory_MB": 3666,
  "training_gpu_1_memory_MB": 10,
  "training_gpu_2_memory_MB": 10,
  "validation_precision-overall": 0.8021978021978017,
  "validation_recall-overall": 0.7299999999999995,
  "validation_f1-measure-overall": 0.7643979057591119,
  "validation_loss": 1.218018651008606,
  "best_validation_precision-overall": 0.8166666666666661,
  "best_validation_recall-overall": 0.7349999999999995,
  "best_validation_f1-measure-overall": 0.7736842105262655,
  "best_validation_loss": 0.9223098158836365
}