{
  "best_epoch": 123,
  "peak_cpu_memory_MB": 2963.864,
  "peak_gpu_0_memory_MB": 3666,
  "peak_gpu_1_memory_MB": 10,
  "peak_gpu_2_memory_MB": 10,
  "training_duration": "0:08:00.046767",
  "training_start_epoch": 0,
  "training_epochs": 146,
  "epoch": 146,
  "training_precision-overall": 0.9871959026888603,
  "training_recall-overall": 0.9809160305343511,
  "training_f1-measure-overall": 0.9840459476706582,
  "training_loss": 0.01357699705840787,
  "training_cpu_memory_MB": 2963.864,
  "training_gpu_0_memory_MB": 3666,
  "training_gpu_1_memory_MB": 10,
  "training_gpu_2_memory_MB": 10,
  "validation_precision-overall": 0.7812499999999996,
  "validation_recall-overall": 0.7499999999999996,
  "validation_f1-measure-overall": 0.7653061224489293,
  "validation_loss": 0.9066842794418335,
  "best_validation_precision-overall": 0.8166666666666661,
  "best_validation_recall-overall": 0.7349999999999995,
  "best_validation_f1-measure-overall": 0.7736842105262655,
  "best_validation_loss": 0.9223098158836365
}