{
  "best_epoch": 262,
  "peak_cpu_memory_MB": 2963.864,
  "peak_gpu_0_memory_MB": 3666,
  "peak_gpu_1_memory_MB": 10,
  "peak_gpu_2_memory_MB": 10,
  "training_duration": "0:16:30.254278",
  "training_start_epoch": 0,
  "training_epochs": 302,
  "epoch": 302,
  "training_precision-overall": 0.9847328244274808,
  "training_recall-overall": 0.9847328244274808,
  "training_f1-measure-overall": 0.9847328244274308,
  "training_loss": 0.008088985545327887,
  "training_cpu_memory_MB": 2963.864,
  "training_gpu_0_memory_MB": 3666,
  "training_gpu_1_memory_MB": 10,
  "training_gpu_2_memory_MB": 10,
  "validation_precision-overall": 0.8171428571428566,
  "validation_recall-overall": 0.7149999999999996,
  "validation_f1-measure-overall": 0.7626666666666165,
  "validation_loss": 1.4812194108963013,
  "best_validation_precision-overall": 0.8118279569892468,
  "best_validation_recall-overall": 0.7549999999999996,
  "best_validation_f1-measure-overall": 0.7823834196890688,
  "best_validation_loss": 1.2544240951538086
}