{
  "best_epoch": 16,
  "peak_cpu_memory_MB": 2963.864,
  "peak_gpu_0_memory_MB": 3666,
  "peak_gpu_1_memory_MB": 10,
  "peak_gpu_2_memory_MB": 10,
  "training_duration": "0:01:02.785489",
  "training_start_epoch": 0,
  "training_epochs": 18,
  "epoch": 18,
  "training_precision-overall": 0.7583081570996977,
  "training_recall-overall": 0.31933842239185745,
  "training_f1-measure-overall": 0.44941808415394213,
  "training_loss": 0.49326425790786743,
  "training_cpu_memory_MB": 2963.864,
  "training_gpu_0_memory_MB": 3666,
  "training_gpu_1_memory_MB": 10,
  "training_gpu_2_memory_MB": 10,
  "validation_precision-overall": 0.9846153846153831,
  "validation_recall-overall": 0.31999999999999984,
  "validation_f1-measure-overall": 0.4830188679244909,
  "validation_loss": 0.46834126114845276,
  "best_validation_precision-overall": 0.9710144927536218,
  "best_validation_recall-overall": 0.3349999999999998,
  "best_validation_f1-measure-overall": 0.4981412639404819,
  "best_validation_loss": 0.49889075756073
}