{
  "best_epoch": 262,
  "peak_cpu_memory_MB": 2963.864,
  "peak_gpu_0_memory_MB": 3668,
  "peak_gpu_1_memory_MB": 10,
  "peak_gpu_2_memory_MB": 10,
  "training_duration": "0:21:53.228894",
  "training_start_epoch": 0,
  "training_epochs": 405,
  "epoch": 405,
  "training_precision-overall": 0.9885350318471336,
  "training_recall-overall": 0.9872773536895673,
  "training_f1-measure-overall": 0.9879057924888105,
  "training_loss": 0.006745758313627448,
  "training_cpu_memory_MB": 2963.864,
  "training_gpu_0_memory_MB": 3668,
  "training_gpu_1_memory_MB": 10,
  "training_gpu_2_memory_MB": 10,
  "validation_precision-overall": 0.7849462365591393,
  "validation_recall-overall": 0.7299999999999995,
  "validation_f1-measure-overall": 0.7564766839377736,
  "validation_loss": 1.220385193824768,
  "best_validation_precision-overall": 0.8118279569892468,
  "best_validation_recall-overall": 0.7549999999999996,
  "best_validation_f1-measure-overall": 0.7823834196890688,
  "best_validation_loss": 1.2544240951538086
}