{
  "best_epoch": 123,
  "peak_cpu_memory_MB": 2963.864,
  "peak_gpu_0_memory_MB": 3666,
  "peak_gpu_1_memory_MB": 10,
  "peak_gpu_2_memory_MB": 10,
  "training_duration": "0:09:21.602106",
  "training_start_epoch": 0,
  "training_epochs": 171,
  "epoch": 171,
  "training_precision-overall": 0.9859154929577464,
  "training_recall-overall": 0.9796437659033077,
  "training_f1-measure-overall": 0.9827696234843148,
  "training_loss": 0.01151776971801155,
  "training_cpu_memory_MB": 2963.864,
  "training_gpu_0_memory_MB": 3666,
  "training_gpu_1_memory_MB": 10,
  "training_gpu_2_memory_MB": 10,
  "validation_precision-overall": 0.7934782608695647,
  "validation_recall-overall": 0.7299999999999995,
  "validation_f1-measure-overall": 0.7604166666666163,
  "validation_loss": 1.00970458984375,
  "best_validation_precision-overall": 0.8166666666666661,
  "best_validation_recall-overall": 0.7349999999999995,
  "best_validation_f1-measure-overall": 0.7736842105262655,
  "best_validation_loss": 0.9223098158836365
}