{
  "best_epoch": 262,
  "peak_cpu_memory_MB": 2963.864,
  "peak_gpu_0_memory_MB": 3666,
  "peak_gpu_1_memory_MB": 10,
  "peak_gpu_2_memory_MB": 10,
  "training_duration": "0:14:56.188013",
  "training_start_epoch": 0,
  "training_epochs": 272,
  "epoch": 272,
  "training_precision-overall": 0.9847133757961782,
  "training_recall-overall": 0.9834605597964375,
  "training_f1-measure-overall": 0.9840865690642402,
  "training_loss": 0.008884674590262875,
  "training_cpu_memory_MB": 2963.864,
  "training_gpu_0_memory_MB": 3666,
  "training_gpu_1_memory_MB": 10,
  "training_gpu_2_memory_MB": 10,
  "validation_precision-overall": 0.8076923076923072,
  "validation_recall-overall": 0.7349999999999995,
  "validation_f1-measure-overall": 0.7696335078533528,
  "validation_loss": 1.333819031715393,
  "best_validation_precision-overall": 0.8118279569892468,
  "best_validation_recall-overall": 0.7549999999999996,
  "best_validation_f1-measure-overall": 0.7823834196890688,
  "best_validation_loss": 1.2544240951538086
}