{
  "best_epoch": 33,
  "peak_cpu_memory_MB": 2963.864,
  "peak_gpu_0_memory_MB": 3666,
  "peak_gpu_1_memory_MB": 10,
  "peak_gpu_2_memory_MB": 10,
  "training_duration": "0:01:54.090697",
  "training_start_epoch": 0,
  "training_epochs": 33,
  "epoch": 33,
  "training_precision-overall": 0.8053892215568861,
  "training_recall-overall": 0.6844783715012722,
  "training_f1-measure-overall": 0.7400275103163189,
  "training_loss": 0.21799004077911377,
  "training_cpu_memory_MB": 2963.864,
  "training_gpu_0_memory_MB": 3666,
  "training_gpu_1_memory_MB": 10,
  "training_gpu_2_memory_MB": 10,
  "validation_precision-overall": 0.6919431279620849,
  "validation_recall-overall": 0.7299999999999995,
  "validation_f1-measure-overall": 0.7104622871045726,
  "validation_loss": 0.45349621772766113,
  "best_validation_precision-overall": 0.6919431279620849,
  "best_validation_recall-overall": 0.7299999999999995,
  "best_validation_f1-measure-overall": 0.7104622871045726,
  "best_validation_loss": 0.45349621772766113
}