{
  "best_epoch": 46,
  "peak_cpu_memory_MB": 2963.864,
  "peak_gpu_0_memory_MB": 3666,
  "peak_gpu_1_memory_MB": 10,
  "peak_gpu_2_memory_MB": 10,
  "training_duration": "0:03:13.181754",
  "training_start_epoch": 0,
  "training_epochs": 57,
  "epoch": 57,
  "training_precision-overall": 0.8588957055214722,
  "training_recall-overall": 0.7124681933842238,
  "training_f1-measure-overall": 0.7788595271209517,
  "training_loss": 0.18633891642093658,
  "training_cpu_memory_MB": 2963.864,
  "training_gpu_0_memory_MB": 3666,
  "training_gpu_1_memory_MB": 10,
  "training_gpu_2_memory_MB": 10,
  "validation_precision-overall": 0.7329192546583846,
  "validation_recall-overall": 0.5899999999999996,
  "validation_f1-measure-overall": 0.6537396121883158,
  "validation_loss": 0.48791083693504333,
  "best_validation_precision-overall": 0.8139534883720925,
  "best_validation_recall-overall": 0.6999999999999996,
  "best_validation_f1-measure-overall": 0.7526881720429607,
  "best_validation_loss": 0.48545584082603455
}