{
  "best_epoch": 107,
  "peak_cpu_memory_MB": 2963.864,
  "peak_gpu_0_memory_MB": 3666,
  "peak_gpu_1_memory_MB": 10,
  "peak_gpu_2_memory_MB": 10,
  "training_duration": "0:06:00.658451",
  "training_start_epoch": 0,
  "training_epochs": 109,
  "epoch": 109,
  "training_precision-overall": 0.9771573604060912,
  "training_recall-overall": 0.9796437659033077,
  "training_f1-measure-overall": 0.9783989834815254,
  "training_loss": 0.016539708196432912,
  "training_cpu_memory_MB": 2963.864,
  "training_gpu_0_memory_MB": 3666,
  "training_gpu_1_memory_MB": 10,
  "training_gpu_2_memory_MB": 10,
  "validation_precision-overall": 0.7945945945945941,
  "validation_recall-overall": 0.7349999999999995,
  "validation_f1-measure-overall": 0.7636363636363134,
  "validation_loss": 0.9127353429794312,
  "best_validation_precision-overall": 0.8228571428571423,
  "best_validation_recall-overall": 0.7199999999999996,
  "best_validation_f1-measure-overall": 0.7679999999999498,
  "best_validation_loss": 0.9518737196922302
}