{
  "best_epoch": 14,
  "peak_cpu_memory_MB": 2963.864,
  "peak_gpu_0_memory_MB": 3666,
  "peak_gpu_1_memory_MB": 10,
  "peak_gpu_2_memory_MB": 10,
  "training_duration": "0:00:52.702555",
  "training_start_epoch": 0,
  "training_epochs": 15,
  "epoch": 15,
  "training_precision-overall": 0.8151815181518148,
  "training_recall-overall": 0.31424936386768443,
  "training_f1-measure-overall": 0.45362718089986787,
  "training_loss": 0.4873194098472595,
  "training_cpu_memory_MB": 2963.864,
  "training_gpu_0_memory_MB": 3666,
  "training_gpu_1_memory_MB": 10,
  "training_gpu_2_memory_MB": 10,
  "validation_precision-overall": 0.648648648648648,
  "validation_recall-overall": 0.3599999999999998,
  "validation_f1-measure-overall": 0.463022508038539,
  "validation_loss": 0.5425099730491638,
  "best_validation_precision-overall": 0.8589743589743579,
  "best_validation_recall-overall": 0.3349999999999998,
  "best_validation_f1-measure-overall": 0.48201438848916794,
  "best_validation_loss": 0.5135188698768616
}