{
  "best_epoch": 123,
  "peak_cpu_memory_MB": 2963.864,
  "peak_gpu_0_memory_MB": 3666,
  "peak_gpu_1_memory_MB": 10,
  "peak_gpu_2_memory_MB": 10,
  "training_duration": "0:12:18.489070",
  "training_start_epoch": 0,
  "training_epochs": 224,
  "epoch": 224,
  "training_precision-overall": 0.9860228716645488,
  "training_recall-overall": 0.9872773536895673,
  "training_f1-measure-overall": 0.9866497139223912,
  "training_loss": 0.008859142223627714,
  "training_cpu_memory_MB": 2963.864,
  "training_gpu_0_memory_MB": 3666,
  "training_gpu_1_memory_MB": 10,
  "training_gpu_2_memory_MB": 10,
  "validation_precision-overall": 0.8135593220338978,
  "validation_recall-overall": 0.7199999999999996,
  "validation_f1-measure-overall": 0.7639257294429206,
  "validation_loss": 1.150498628616333,
  "best_validation_precision-overall": 0.8166666666666661,
  "best_validation_recall-overall": 0.7349999999999995,
  "best_validation_f1-measure-overall": 0.7736842105262655,
  "best_validation_loss": 0.9223098158836365
}