{
  "best_epoch": 25,
  "peak_cpu_memory_MB": 2963.864,
  "peak_gpu_0_memory_MB": 3666,
  "peak_gpu_1_memory_MB": 10,
  "peak_gpu_2_memory_MB": 10,
  "training_duration": "0:01:26.604702",
  "training_start_epoch": 0,
  "training_epochs": 25,
  "epoch": 25,
  "training_precision-overall": 0.7083969465648854,
  "training_recall-overall": 0.5903307888040712,
  "training_f1-measure-overall": 0.6439972241498463,
  "training_loss": 0.309782643802464,
  "training_cpu_memory_MB": 2963.864,
  "training_gpu_0_memory_MB": 3666,
  "training_gpu_1_memory_MB": 10,
  "training_gpu_2_memory_MB": 10,
  "validation_precision-overall": 0.8057553956834526,
  "validation_recall-overall": 0.5599999999999997,
  "validation_f1-measure-overall": 0.6607669616518687,
  "validation_loss": 0.4068375527858734,
  "best_validation_precision-overall": 0.8057553956834526,
  "best_validation_recall-overall": 0.5599999999999997,
  "best_validation_f1-measure-overall": 0.6607669616518687,
  "best_validation_loss": 0.4068375527858734
}