{
  "best_epoch": 123,
  "peak_cpu_memory_MB": 2963.864,
  "peak_gpu_0_memory_MB": 3666,
  "peak_gpu_1_memory_MB": 10,
  "peak_gpu_2_memory_MB": 10,
  "training_duration": "0:07:53.700878",
  "training_start_epoch": 0,
  "training_epochs": 144,
  "epoch": 144,
  "training_precision-overall": 0.982233502538071,
  "training_recall-overall": 0.9847328244274808,
  "training_f1-measure-overall": 0.9834815756035077,
  "training_loss": 0.014376735243786243,
  "training_cpu_memory_MB": 2963.864,
  "training_gpu_0_memory_MB": 3666,
  "training_gpu_1_memory_MB": 10,
  "training_gpu_2_memory_MB": 10,
  "validation_precision-overall": 0.7860962566844915,
  "validation_recall-overall": 0.7349999999999995,
  "validation_f1-measure-overall": 0.7596899224805697,
  "validation_loss": 0.876795768737793,
  "best_validation_precision-overall": 0.8166666666666661,
  "best_validation_recall-overall": 0.7349999999999995,
  "best_validation_f1-measure-overall": 0.7736842105262655,
  "best_validation_loss": 0.9223098158836365
}