{
  "best_epoch": 262,
  "peak_cpu_memory_MB": 2963.864,
  "peak_gpu_0_memory_MB": 3668,
  "peak_gpu_1_memory_MB": 10,
  "peak_gpu_2_memory_MB": 10,
  "training_duration": "0:22:37.287589",
  "training_start_epoch": 0,
  "training_epochs": 419,
  "epoch": 419,
  "training_precision-overall": 0.9835025380710658,
  "training_recall-overall": 0.986005089058524,
  "training_f1-measure-overall": 0.9847522236340033,
  "training_loss": 0.006730291780513653,
  "training_cpu_memory_MB": 2963.864,
  "training_gpu_0_memory_MB": 3668,
  "training_gpu_1_memory_MB": 10,
  "training_gpu_2_memory_MB": 10,
  "validation_precision-overall": 0.787234042553191,
  "validation_recall-overall": 0.7399999999999995,
  "validation_f1-measure-overall": 0.7628865979380939,
  "validation_loss": 1.3473211526870728,
  "best_validation_precision-overall": 0.8118279569892468,
  "best_validation_recall-overall": 0.7549999999999996,
  "best_validation_f1-measure-overall": 0.7823834196890688,
  "best_validation_loss": 1.2544240951538086
}