{
  "best_epoch": 262,
  "peak_cpu_memory_MB": 2963.864,
  "peak_gpu_0_memory_MB": 3668,
  "peak_gpu_1_memory_MB": 10,
  "peak_gpu_2_memory_MB": 10,
  "training_duration": "0:24:09.781939",
  "training_start_epoch": 0,
  "training_epochs": 447,
  "epoch": 447,
  "training_precision-overall": 0.9885057471264367,
  "training_recall-overall": 0.9847328244274808,
  "training_f1-measure-overall": 0.9866156787762406,
  "training_loss": 0.0065544761573619326,
  "training_cpu_memory_MB": 2963.864,
  "training_gpu_0_memory_MB": 3668,
  "training_gpu_1_memory_MB": 10,
  "training_gpu_2_memory_MB": 10,
  "validation_precision-overall": 0.7830687830687826,
  "validation_recall-overall": 0.7399999999999995,
  "validation_f1-measure-overall": 0.760925449871415,
  "validation_loss": 1.4770171642303467,
  "best_validation_precision-overall": 0.8118279569892468,
  "best_validation_recall-overall": 0.7549999999999996,
  "best_validation_f1-measure-overall": 0.7823834196890688,
  "best_validation_loss": 1.2544240951538086
}