{
  "best_epoch": 123,
  "peak_cpu_memory_MB": 2963.864,
  "peak_gpu_0_memory_MB": 3666,
  "peak_gpu_1_memory_MB": 10,
  "peak_gpu_2_memory_MB": 10,
  "training_duration": "0:09:42.443520",
  "training_start_epoch": 0,
  "training_epochs": 177,
  "epoch": 177,
  "training_precision-overall": 0.9897304236200255,
  "training_recall-overall": 0.9809160305343511,
  "training_f1-measure-overall": 0.9853035143769466,
  "training_loss": 0.008819910013698973,
  "training_cpu_memory_MB": 2963.864,
  "training_gpu_0_memory_MB": 3666,
  "training_gpu_1_memory_MB": 10,
  "training_gpu_2_memory_MB": 10,
  "validation_precision-overall": 0.7830687830687826,
  "validation_recall-overall": 0.7399999999999995,
  "validation_f1-measure-overall": 0.760925449871415,
  "validation_loss": 1.1159496307373047,
  "best_validation_precision-overall": 0.8166666666666661,
  "best_validation_recall-overall": 0.7349999999999995,
  "best_validation_f1-measure-overall": 0.7736842105262655,
  "best_validation_loss": 0.9223098158836365
}