{
  "best_epoch": 107,
  "peak_cpu_memory_MB": 2963.864,
  "peak_gpu_0_memory_MB": 3666,
  "peak_gpu_1_memory_MB": 10,
  "peak_gpu_2_memory_MB": 10,
  "training_duration": "0:06:03.886985",
  "training_start_epoch": 0,
  "training_epochs": 110,
  "epoch": 110,
  "training_precision-overall": 0.977186311787072,
  "training_recall-overall": 0.9809160305343511,
  "training_f1-measure-overall": 0.979047619047569,
  "training_loss": 0.017579808303707978,
  "training_cpu_memory_MB": 2963.864,
  "training_gpu_0_memory_MB": 3666,
  "training_gpu_1_memory_MB": 10,
  "training_gpu_2_memory_MB": 10,
  "validation_precision-overall": 0.7955801104972371,
  "validation_recall-overall": 0.7199999999999996,
  "validation_f1-measure-overall": 0.7559055118109734,
  "validation_loss": 0.8627681136131287,
  "best_validation_precision-overall": 0.8228571428571423,
  "best_validation_recall-overall": 0.7199999999999996,
  "best_validation_f1-measure-overall": 0.7679999999999498,
  "best_validation_loss": 0.9518737196922302
}