{
  "best_epoch": 46,
  "peak_cpu_memory_MB": 2963.864,
  "peak_gpu_0_memory_MB": 3666,
  "peak_gpu_1_memory_MB": 10,
  "peak_gpu_2_memory_MB": 10,
  "training_duration": "0:02:47.805168",
  "training_start_epoch": 0,
  "training_epochs": 49,
  "epoch": 49,
  "training_precision-overall": 0.8300970873786406,
  "training_recall-overall": 0.8702290076335877,
  "training_f1-measure-overall": 0.8496894409937387,
  "training_loss": 0.13451625278685242,
  "training_cpu_memory_MB": 2963.864,
  "training_gpu_0_memory_MB": 3666,
  "training_gpu_1_memory_MB": 10,
  "training_gpu_2_memory_MB": 10,
  "validation_precision-overall": 0.8092105263157888,
  "validation_recall-overall": 0.6149999999999997,
  "validation_f1-measure-overall": 0.6988636363635868,
  "validation_loss": 0.4704418480396271,
  "best_validation_precision-overall": 0.8139534883720925,
  "best_validation_recall-overall": 0.6999999999999996,
  "best_validation_f1-measure-overall": 0.7526881720429607,
  "best_validation_loss": 0.48545584082603455
}