{
  "best_epoch": 123,
  "peak_cpu_memory_MB": 2963.864,
  "peak_gpu_0_memory_MB": 3666,
  "peak_gpu_1_memory_MB": 10,
  "peak_gpu_2_memory_MB": 10,
  "training_duration": "0:10:52.088698",
  "training_start_epoch": 0,
  "training_epochs": 198,
  "epoch": 198,
  "training_precision-overall": 0.987179487179487,
  "training_recall-overall": 0.9796437659033077,
  "training_f1-measure-overall": 0.9833971902936919,
  "training_loss": 0.009374946962452668,
  "training_cpu_memory_MB": 2963.864,
  "training_gpu_0_memory_MB": 3666,
  "training_gpu_1_memory_MB": 10,
  "training_gpu_2_memory_MB": 10,
  "validation_precision-overall": 0.7989130434782604,
  "validation_recall-overall": 0.7349999999999995,
  "validation_f1-measure-overall": 0.7656249999999497,
  "validation_loss": 1.1674429178237915,
  "best_validation_precision-overall": 0.8166666666666661,
  "best_validation_recall-overall": 0.7349999999999995,
  "best_validation_f1-measure-overall": 0.7736842105262655,
  "best_validation_loss": 0.9223098158836365
}