{
  "best_epoch": 262,
  "peak_cpu_memory_MB": 2963.864,
  "peak_gpu_0_memory_MB": 3666,
  "peak_gpu_1_memory_MB": 10,
  "peak_gpu_2_memory_MB": 10,
  "training_duration": "0:19:09.768028",
  "training_start_epoch": 0,
  "training_epochs": 353,
  "epoch": 353,
  "training_precision-overall": 0.9847522236340532,
  "training_recall-overall": 0.986005089058524,
  "training_f1-measure-overall": 0.9853782581054806,
  "training_loss": 0.009043211874995905,
  "training_cpu_memory_MB": 2963.864,
  "training_gpu_0_memory_MB": 3666,
  "training_gpu_1_memory_MB": 10,
  "training_gpu_2_memory_MB": 10,
  "validation_precision-overall": 0.7830687830687826,
  "validation_recall-overall": 0.7399999999999995,
  "validation_f1-measure-overall": 0.760925449871415,
  "validation_loss": 1.1582469940185547,
  "best_validation_precision-overall": 0.8118279569892468,
  "best_validation_recall-overall": 0.7549999999999996,
  "best_validation_f1-measure-overall": 0.7823834196890688,
  "best_validation_loss": 1.2544240951538086
}