{
  "best_epoch": 262,
  "peak_cpu_memory_MB": 2963.864,
  "peak_gpu_0_memory_MB": 3668,
  "peak_gpu_1_memory_MB": 10,
  "peak_gpu_2_memory_MB": 10,
  "training_duration": "0:22:49.810175",
  "training_start_epoch": 0,
  "training_epochs": 423,
  "epoch": 423,
  "training_precision-overall": 0.9860935524652338,
  "training_recall-overall": 0.9923664122137403,
  "training_f1-measure-overall": 0.9892200380468745,
  "training_loss": 0.006710371175358887,
  "training_cpu_memory_MB": 2963.864,
  "training_gpu_0_memory_MB": 3668,
  "training_gpu_1_memory_MB": 10,
  "training_gpu_2_memory_MB": 10,
  "validation_precision-overall": 0.7736842105263153,
  "validation_recall-overall": 0.7349999999999995,
  "validation_f1-measure-overall": 0.7538461538461034,
  "validation_loss": 1.41219162940979,
  "best_validation_precision-overall": 0.8118279569892468,
  "best_validation_recall-overall": 0.7549999999999996,
  "best_validation_f1-measure-overall": 0.7823834196890688,
  "best_validation_loss": 1.2544240951538086
}