{
  "best_epoch": 123,
  "peak_cpu_memory_MB": 2963.864,
  "peak_gpu_0_memory_MB": 3666,
  "peak_gpu_1_memory_MB": 10,
  "peak_gpu_2_memory_MB": 10,
  "training_duration": "0:08:19.163181",
  "training_start_epoch": 0,
  "training_epochs": 152,
  "epoch": 152,
  "training_precision-overall": 0.985933503836317,
  "training_recall-overall": 0.9809160305343511,
  "training_f1-measure-overall": 0.9834183673468886,
  "training_loss": 0.01130926049700065,
  "training_cpu_memory_MB": 2963.864,
  "training_gpu_0_memory_MB": 3666,
  "training_gpu_1_memory_MB": 10,
  "training_gpu_2_memory_MB": 10,
  "validation_precision-overall": 0.7967914438502669,
  "validation_recall-overall": 0.7449999999999996,
  "validation_f1-measure-overall": 0.7700258397932312,
  "validation_loss": 1.0114448070526123,
  "best_validation_precision-overall": 0.8166666666666661,
  "best_validation_recall-overall": 0.7349999999999995,
  "best_validation_f1-measure-overall": 0.7736842105262655,
  "best_validation_loss": 0.9223098158836365
}