{
  "best_epoch": 16,
  "peak_cpu_memory_MB": 2963.864,
  "peak_gpu_0_memory_MB": 3666,
  "peak_gpu_1_memory_MB": 10,
  "peak_gpu_2_memory_MB": 10,
  "training_duration": "0:00:55.841501",
  "training_start_epoch": 0,
  "training_epochs": 16,
  "epoch": 16,
  "training_precision-overall": 0.6658878504672895,
  "training_recall-overall": 0.3625954198473282,
  "training_f1-measure-overall": 0.4695222405271372,
  "training_loss": 0.4888374134898186,
  "training_cpu_memory_MB": 2963.864,
  "training_gpu_0_memory_MB": 3666,
  "training_gpu_1_memory_MB": 10,
  "training_gpu_2_memory_MB": 10,
  "validation_precision-overall": 0.9710144927536218,
  "validation_recall-overall": 0.3349999999999998,
  "validation_f1-measure-overall": 0.4981412639404819,
  "validation_loss": 0.49889075756073,
  "best_validation_precision-overall": 0.9710144927536218,
  "best_validation_recall-overall": 0.3349999999999998,
  "best_validation_f1-measure-overall": 0.4981412639404819,
  "best_validation_loss": 0.49889075756073
}