{
  "best_epoch": 39,
  "peak_cpu_memory_MB": 2963.864,
  "peak_gpu_0_memory_MB": 3666,
  "peak_gpu_1_memory_MB": 10,
  "peak_gpu_2_memory_MB": 10,
  "training_duration": "0:02:27.375720",
  "training_start_epoch": 0,
  "training_epochs": 43,
  "epoch": 43,
  "training_precision-overall": 0.8217562254259501,
  "training_recall-overall": 0.797709923664122,
  "training_f1-measure-overall": 0.8095545513233845,
  "training_loss": 0.16604630649089813,
  "training_cpu_memory_MB": 2963.864,
  "training_gpu_0_memory_MB": 3666,
  "training_gpu_1_memory_MB": 10,
  "training_gpu_2_memory_MB": 10,
  "validation_precision-overall": 0.7834394904458593,
  "validation_recall-overall": 0.6149999999999997,
  "validation_f1-measure-overall": 0.6890756302520512,
  "validation_loss": 0.5325198769569397,
  "best_validation_precision-overall": 0.7814207650273219,
  "best_validation_recall-overall": 0.7149999999999996,
  "best_validation_f1-measure-overall": 0.7467362924281482,
  "best_validation_loss": 0.39572542905807495
}