{
  "best_epoch": 123,
  "peak_cpu_memory_MB": 2963.864,
  "peak_gpu_0_memory_MB": 3666,
  "peak_gpu_1_memory_MB": 10,
  "peak_gpu_2_memory_MB": 10,
  "training_duration": "0:11:34.688990",
  "training_start_epoch": 0,
  "training_epochs": 211,
  "epoch": 211,
  "training_precision-overall": 0.9834815756035576,
  "training_recall-overall": 0.9847328244274808,
  "training_f1-measure-overall": 0.9841068022885703,
  "training_loss": 0.009027082468492154,
  "training_cpu_memory_MB": 2963.864,
  "training_gpu_0_memory_MB": 3666,
  "training_gpu_1_memory_MB": 10,
  "training_gpu_2_memory_MB": 10,
  "validation_precision-overall": 0.7999999999999995,
  "validation_recall-overall": 0.7399999999999995,
  "validation_f1-measure-overall": 0.7688311688311185,
  "validation_loss": 1.193280816078186,
  "best_validation_precision-overall": 0.8166666666666661,
  "best_validation_recall-overall": 0.7349999999999995,
  "best_validation_f1-measure-overall": 0.7736842105262655,
  "best_validation_loss": 0.9223098158836365
}