{
  "best_epoch": 123,
  "peak_cpu_memory_MB": 2963.864,
  "peak_gpu_0_memory_MB": 3666,
  "peak_gpu_1_memory_MB": 10,
  "peak_gpu_2_memory_MB": 10,
  "training_duration": "0:11:48.491720",
  "training_start_epoch": 0,
  "training_epochs": 215,
  "epoch": 215,
  "training_precision-overall": 0.9835858585858585,
  "training_recall-overall": 0.9910941475826971,
  "training_f1-measure-overall": 0.9873257287705456,
  "training_loss": 0.008765549048803223,
  "training_cpu_memory_MB": 2963.864,
  "training_gpu_0_memory_MB": 3666,
  "training_gpu_1_memory_MB": 10,
  "training_gpu_2_memory_MB": 10,
  "validation_precision-overall": 0.8111111111111106,
  "validation_recall-overall": 0.7299999999999995,
  "validation_f1-measure-overall": 0.7684210526315287,
  "validation_loss": 1.2756339311599731,
  "best_validation_precision-overall": 0.8166666666666661,
  "best_validation_recall-overall": 0.7349999999999995,
  "best_validation_f1-measure-overall": 0.7736842105262655,
  "best_validation_loss": 0.9223098158836365
}