{
  "best_epoch": 46,
  "peak_cpu_memory_MB": 2963.864,
  "peak_gpu_0_memory_MB": 3666,
  "peak_gpu_1_memory_MB": 10,
  "peak_gpu_2_memory_MB": 10,
  "training_duration": "0:02:37.619935",
  "training_start_epoch": 0,
  "training_epochs": 46,
  "epoch": 46,
  "training_precision-overall": 0.8813096862210094,
  "training_recall-overall": 0.8218829516539439,
  "training_f1-measure-overall": 0.8505595786701277,
  "training_loss": 0.1247380911372602,
  "training_cpu_memory_MB": 2963.864,
  "training_gpu_0_memory_MB": 3666,
  "training_gpu_1_memory_MB": 10,
  "training_gpu_2_memory_MB": 10,
  "validation_precision-overall": 0.8139534883720925,
  "validation_recall-overall": 0.6999999999999996,
  "validation_f1-measure-overall": 0.7526881720429607,
  "validation_loss": 0.48545584082603455,
  "best_validation_precision-overall": 0.8139534883720925,
  "best_validation_recall-overall": 0.6999999999999996,
  "best_validation_f1-measure-overall": 0.7526881720429607,
  "best_validation_loss": 0.48545584082603455
}