{
  "best_epoch": 46,
  "peak_cpu_memory_MB": 2963.864,
  "peak_gpu_0_memory_MB": 3666,
  "peak_gpu_1_memory_MB": 10,
  "peak_gpu_2_memory_MB": 10,
  "training_duration": "0:03:44.745881",
  "training_start_epoch": 0,
  "training_epochs": 67,
  "epoch": 67,
  "training_precision-overall": 0.9393939393939392,
  "training_recall-overall": 0.9465648854961831,
  "training_f1-measure-overall": 0.9429657794676304,
  "training_loss": 0.05239566188538447,
  "training_cpu_memory_MB": 2963.864,
  "training_gpu_0_memory_MB": 3666,
  "training_gpu_1_memory_MB": 10,
  "training_gpu_2_memory_MB": 10,
  "validation_precision-overall": 0.8011695906432743,
  "validation_recall-overall": 0.6849999999999996,
  "validation_f1-measure-overall": 0.7385444743934809,
  "validation_loss": 0.8184301853179932,
  "best_validation_precision-overall": 0.8139534883720925,
  "best_validation_recall-overall": 0.6999999999999996,
  "best_validation_f1-measure-overall": 0.7526881720429607,
  "best_validation_loss": 0.48545584082603455
}