{
  "best_epoch": 46,
  "peak_cpu_memory_MB": 2963.864,
  "peak_gpu_0_memory_MB": 3666,
  "peak_gpu_1_memory_MB": 10,
  "peak_gpu_2_memory_MB": 10,
  "training_duration": "0:03:51.061151",
  "training_start_epoch": 0,
  "training_epochs": 69,
  "epoch": 69,
  "training_precision-overall": 0.9287499999999999,
  "training_recall-overall": 0.9452926208651398,
  "training_f1-measure-overall": 0.9369482976039852,
  "training_loss": 0.05234064158867113,
  "training_cpu_memory_MB": 2963.864,
  "training_gpu_0_memory_MB": 3666,
  "training_gpu_1_memory_MB": 10,
  "training_gpu_2_memory_MB": 10,
  "validation_precision-overall": 0.8481012658227842,
  "validation_recall-overall": 0.6699999999999996,
  "validation_f1-measure-overall": 0.7486033519552574,
  "validation_loss": 0.7694187760353088,
  "best_validation_precision-overall": 0.8139534883720925,
  "best_validation_recall-overall": 0.6999999999999996,
  "best_validation_f1-measure-overall": 0.7526881720429607,
  "best_validation_loss": 0.48545584082603455
}