{
  "best_epoch": 239,
  "peak_cpu_memory_MB": 2963.864,
  "peak_gpu_0_memory_MB": 3666,
  "peak_gpu_1_memory_MB": 10,
  "peak_gpu_2_memory_MB": 10,
  "training_duration": "0:13:27.567548",
  "training_start_epoch": 0,
  "training_epochs": 245,
  "epoch": 245,
  "training_precision-overall": 0.9884763124199742,
  "training_recall-overall": 0.9821882951653943,
  "training_f1-measure-overall": 0.9853222718570016,
  "training_loss": 0.008106170563223714,
  "training_cpu_memory_MB": 2963.864,
  "training_gpu_0_memory_MB": 3666,
  "training_gpu_1_memory_MB": 10,
  "training_gpu_2_memory_MB": 10,
  "validation_precision-overall": 0.8066298342541431,
  "validation_recall-overall": 0.7299999999999995,
  "validation_f1-measure-overall": 0.7664041994750153,
  "validation_loss": 1.2740397453308105,
  "best_validation_precision-overall": 0.8248587570621464,
  "best_validation_recall-overall": 0.7299999999999995,
  "best_validation_f1-measure-overall": 0.7745358090185174,
  "best_validation_loss": 1.2552558183670044
}