{
  "best_epoch": 33,
  "peak_cpu_memory_MB": 2963.864,
  "peak_gpu_0_memory_MB": 3666,
  "peak_gpu_1_memory_MB": 10,
  "peak_gpu_2_memory_MB": 10,
  "training_duration": "0:02:10.877702",
  "training_start_epoch": 0,
  "training_epochs": 38,
  "epoch": 38,
  "training_precision-overall": 0.8404452690166974,
  "training_recall-overall": 0.5763358778625953,
  "training_f1-measure-overall": 0.6837735849056121,
  "training_loss": 0.25111568067222834,
  "training_cpu_memory_MB": 2963.864,
  "training_gpu_0_memory_MB": 3666,
  "training_gpu_1_memory_MB": 10,
  "training_gpu_2_memory_MB": 10,
  "validation_precision-overall": 0.7735849056603769,
  "validation_recall-overall": 0.6149999999999997,
  "validation_f1-measure-overall": 0.6852367688021787,
  "validation_loss": 0.4568028748035431,
  "best_validation_precision-overall": 0.6919431279620849,
  "best_validation_recall-overall": 0.7299999999999995,
  "best_validation_f1-measure-overall": 0.7104622871045726,
  "best_validation_loss": 0.45349621772766113
}