{
  "best_epoch": 46,
  "peak_cpu_memory_MB": 2963.864,
  "peak_gpu_0_memory_MB": 3666,
  "peak_gpu_1_memory_MB": 10,
  "peak_gpu_2_memory_MB": 10,
  "training_duration": "0:02:41.424103",
  "training_start_epoch": 0,
  "training_epochs": 47,
  "epoch": 47,
  "training_precision-overall": 0.8582781456953641,
  "training_recall-overall": 0.8244274809160305,
  "training_f1-measure-overall": 0.8410123296560174,
  "training_loss": 0.12457094166893512,
  "training_cpu_memory_MB": 2963.864,
  "training_gpu_0_memory_MB": 3666,
  "training_gpu_1_memory_MB": 10,
  "training_gpu_2_memory_MB": 10,
  "validation_precision-overall": 0.6837209302325578,
  "validation_recall-overall": 0.7349999999999995,
  "validation_f1-measure-overall": 0.7084337349397088,
  "validation_loss": 0.5076166391372681,
  "best_validation_precision-overall": 0.8139534883720925,
  "best_validation_recall-overall": 0.6999999999999996,
  "best_validation_f1-measure-overall": 0.7526881720429607,
  "best_validation_loss": 0.48545584082603455
}