{
  "best_epoch": 262,
  "peak_cpu_memory_MB": 2963.864,
  "peak_gpu_0_memory_MB": 3668,
  "peak_gpu_1_memory_MB": 10,
  "peak_gpu_2_memory_MB": 10,
  "training_duration": "0:22:27.896833",
  "training_start_epoch": 0,
  "training_epochs": 416,
  "epoch": 416,
  "training_precision-overall": 0.987228607918263,
  "training_recall-overall": 0.9834605597964375,
  "training_f1-measure-overall": 0.9853409815168397,
  "training_loss": 0.00772846649897474,
  "training_cpu_memory_MB": 2963.864,
  "training_gpu_0_memory_MB": 3668,
  "training_gpu_1_memory_MB": 10,
  "training_gpu_2_memory_MB": 10,
  "validation_precision-overall": 0.7789473684210522,
  "validation_recall-overall": 0.7399999999999995,
  "validation_f1-measure-overall": 0.7589743589743086,
  "validation_loss": 1.3299585580825806,
  "best_validation_precision-overall": 0.8118279569892468,
  "best_validation_recall-overall": 0.7549999999999996,
  "best_validation_f1-measure-overall": 0.7823834196890688,
  "best_validation_loss": 1.2544240951538086
}