{
  "best_epoch": 26,
  "peak_cpu_memory_MB": 2963.864,
  "peak_gpu_0_memory_MB": 3666,
  "peak_gpu_1_memory_MB": 10,
  "peak_gpu_2_memory_MB": 10,
  "training_duration": "0:01:34.388488",
  "training_start_epoch": 0,
  "training_epochs": 27,
  "epoch": 27,
  "training_precision-overall": 0.7669902912621358,
  "training_recall-overall": 0.6030534351145037,
  "training_f1-measure-overall": 0.6752136752136259,
  "training_loss": 0.27124051563441753,
  "training_cpu_memory_MB": 2963.864,
  "training_gpu_0_memory_MB": 3666,
  "training_gpu_1_memory_MB": 10,
  "training_gpu_2_memory_MB": 10,
  "validation_precision-overall": 0.6461538461538457,
  "validation_recall-overall": 0.6299999999999997,
  "validation_f1-measure-overall": 0.6379746835442535,
  "validation_loss": 0.4829990863800049,
  "best_validation_precision-overall": 0.7624999999999995,
  "best_validation_recall-overall": 0.6099999999999997,
  "best_validation_f1-measure-overall": 0.6777777777777281,
  "best_validation_loss": 0.39371591806411743
}