{
  "best_epoch": 123,
  "peak_cpu_memory_MB": 2963.864,
  "peak_gpu_0_memory_MB": 3666,
  "peak_gpu_1_memory_MB": 10,
  "peak_gpu_2_memory_MB": 10,
  "training_duration": "0:12:45.005699",
  "training_start_epoch": 0,
  "training_epochs": 232,
  "epoch": 232,
  "training_precision-overall": 0.9898089171974521,
  "training_recall-overall": 0.9885496183206105,
  "training_f1-measure-overall": 0.9891788669636673,
  "training_loss": 0.0074575792114046635,
  "training_cpu_memory_MB": 2963.864,
  "training_gpu_0_memory_MB": 3666,
  "training_gpu_1_memory_MB": 10,
  "training_gpu_2_memory_MB": 10,
  "validation_precision-overall": 0.8076923076923072,
  "validation_recall-overall": 0.7349999999999995,
  "validation_f1-measure-overall": 0.7696335078533528,
  "validation_loss": 1.2756808996200562,
  "best_validation_precision-overall": 0.8166666666666661,
  "best_validation_recall-overall": 0.7349999999999995,
  "best_validation_f1-measure-overall": 0.7736842105262655,
  "best_validation_loss": 0.9223098158836365
}