{
  "best_epoch": 44,
  "peak_cpu_memory_MB": 2963.864,
  "peak_gpu_0_memory_MB": 3666,
  "peak_gpu_1_memory_MB": 10,
  "peak_gpu_2_memory_MB": 10,
  "training_duration": "0:02:30.573045",
  "training_start_epoch": 0,
  "training_epochs": 44,
  "epoch": 44,
  "training_precision-overall": 0.8232044198895027,
  "training_recall-overall": 0.7582697201017811,
  "training_f1-measure-overall": 0.7894039735098838,
  "training_loss": 0.18649258092045784,
  "training_cpu_memory_MB": 2963.864,
  "training_gpu_0_memory_MB": 3666,
  "training_gpu_1_memory_MB": 10,
  "training_gpu_2_memory_MB": 10,
  "validation_precision-overall": 0.7342995169082122,
  "validation_recall-overall": 0.7599999999999996,
  "validation_f1-measure-overall": 0.7469287469286967,
  "validation_loss": 0.48858603835105896,
  "best_validation_precision-overall": 0.7342995169082122,
  "best_validation_recall-overall": 0.7599999999999996,
  "best_validation_f1-measure-overall": 0.7469287469286967,
  "best_validation_loss": 0.48858603835105896
}