{
  "best_epoch": 262,
  "peak_cpu_memory_MB": 2963.864,
  "peak_gpu_0_memory_MB": 3666,
  "peak_gpu_1_memory_MB": 10,
  "peak_gpu_2_memory_MB": 10,
  "training_duration": "0:14:53.081638",
  "training_start_epoch": 0,
  "training_epochs": 271,
  "epoch": 271,
  "training_precision-overall": 0.9848293299620732,
  "training_recall-overall": 0.9910941475826971,
  "training_f1-measure-overall": 0.9879518072288656,
  "training_loss": 0.007387113270851842,
  "training_cpu_memory_MB": 2963.864,
  "training_gpu_0_memory_MB": 3666,
  "training_gpu_1_memory_MB": 10,
  "training_gpu_2_memory_MB": 10,
  "validation_precision-overall": 0.7978142076502728,
  "validation_recall-overall": 0.7299999999999995,
  "validation_f1-measure-overall": 0.7624020887727956,
  "validation_loss": 1.3539596796035767,
  "best_validation_precision-overall": 0.8118279569892468,
  "best_validation_recall-overall": 0.7549999999999996,
  "best_validation_f1-measure-overall": 0.7823834196890688,
  "best_validation_loss": 1.2544240951538086
}