{
  "best_epoch": 33,
  "peak_cpu_memory_MB": 2963.864,
  "peak_gpu_0_memory_MB": 3666,
  "peak_gpu_1_memory_MB": 10,
  "peak_gpu_2_memory_MB": 10,
  "training_duration": "0:02:07.670900",
  "training_start_epoch": 0,
  "training_epochs": 37,
  "epoch": 37,
  "training_precision-overall": 0.646590909090909,
  "training_recall-overall": 0.7239185750636131,
  "training_f1-measure-overall": 0.6830732292916669,
  "training_loss": 0.2880905419588089,
  "training_cpu_memory_MB": 2963.864,
  "training_gpu_0_memory_MB": 3666,
  "training_gpu_1_memory_MB": 10,
  "training_gpu_2_memory_MB": 10,
  "validation_precision-overall": 0.7398373983739831,
  "validation_recall-overall": 0.45499999999999974,
  "validation_f1-measure-overall": 0.5634674922600145,
  "validation_loss": 0.5033663511276245,
  "best_validation_precision-overall": 0.6919431279620849,
  "best_validation_recall-overall": 0.7299999999999995,
  "best_validation_f1-measure-overall": 0.7104622871045726,
  "best_validation_loss": 0.45349621772766113
}