{
  "best_epoch": 123,
  "peak_cpu_memory_MB": 2963.864,
  "peak_gpu_0_memory_MB": 3666,
  "peak_gpu_1_memory_MB": 10,
  "peak_gpu_2_memory_MB": 10,
  "training_duration": "0:07:37.911481",
  "training_start_epoch": 0,
  "training_epochs": 139,
  "epoch": 139,
  "training_precision-overall": 0.879641485275288,
  "training_recall-overall": 0.8740458015267174,
  "training_f1-measure-overall": 0.8768347160178184,
  "training_loss": 0.11570202535949647,
  "training_cpu_memory_MB": 2963.864,
  "training_gpu_0_memory_MB": 3666,
  "training_gpu_1_memory_MB": 10,
  "training_gpu_2_memory_MB": 10,
  "validation_precision-overall": 0.8294117647058818,
  "validation_recall-overall": 0.7049999999999996,
  "validation_f1-measure-overall": 0.7621621621621121,
  "validation_loss": 0.7163461446762085,
  "best_validation_precision-overall": 0.8166666666666661,
  "best_validation_recall-overall": 0.7349999999999995,
  "best_validation_f1-measure-overall": 0.7736842105262655,
  "best_validation_loss": 0.9223098158836365
}