{
  "best_epoch": 262,
  "peak_cpu_memory_MB": 2963.864,
  "peak_gpu_0_memory_MB": 3666,
  "peak_gpu_1_memory_MB": 10,
  "peak_gpu_2_memory_MB": 10,
  "training_duration": "0:17:29.820950",
  "training_start_epoch": 0,
  "training_epochs": 321,
  "epoch": 321,
  "training_precision-overall": 0.9872448979591836,
  "training_recall-overall": 0.9847328244274808,
  "training_f1-measure-overall": 0.9859872611464467,
  "training_loss": 0.00781829788320465,
  "training_cpu_memory_MB": 2963.864,
  "training_gpu_0_memory_MB": 3666,
  "training_gpu_1_memory_MB": 10,
  "training_gpu_2_memory_MB": 10,
  "validation_precision-overall": 0.8076923076923072,
  "validation_recall-overall": 0.7349999999999995,
  "validation_f1-measure-overall": 0.7696335078533528,
  "validation_loss": 1.4703317880630493,
  "best_validation_precision-overall": 0.8118279569892468,
  "best_validation_recall-overall": 0.7549999999999996,
  "best_validation_f1-measure-overall": 0.7823834196890688,
  "best_validation_loss": 1.2544240951538086
}