{
  "best_epoch": 123,
  "peak_cpu_memory_MB": 2963.864,
  "peak_gpu_0_memory_MB": 3666,
  "peak_gpu_1_memory_MB": 10,
  "peak_gpu_2_memory_MB": 10,
  "training_duration": "0:09:24.794640",
  "training_start_epoch": 0,
  "training_epochs": 172,
  "epoch": 172,
  "training_precision-overall": 0.9835025380710658,
  "training_recall-overall": 0.986005089058524,
  "training_f1-measure-overall": 0.9847522236340033,
  "training_loss": 0.010726107407208474,
  "training_cpu_memory_MB": 2963.864,
  "training_gpu_0_memory_MB": 3666,
  "training_gpu_1_memory_MB": 10,
  "training_gpu_2_memory_MB": 10,
  "validation_precision-overall": 0.7883597883597879,
  "validation_recall-overall": 0.7449999999999996,
  "validation_f1-measure-overall": 0.7660668380462221,
  "validation_loss": 1.0186606645584106,
  "best_validation_precision-overall": 0.8166666666666661,
  "best_validation_recall-overall": 0.7349999999999995,
  "best_validation_f1-measure-overall": 0.7736842105262655,
  "best_validation_loss": 0.9223098158836365
}