{
  "best_epoch": 46,
  "peak_cpu_memory_MB": 2963.864,
  "peak_gpu_0_memory_MB": 3666,
  "peak_gpu_1_memory_MB": 10,
  "peak_gpu_2_memory_MB": 10,
  "training_duration": "0:02:54.077489",
  "training_start_epoch": 0,
  "training_epochs": 51,
  "epoch": 51,
  "training_precision-overall": 0.890463917525773,
  "training_recall-overall": 0.8791348600508905,
  "training_f1-measure-overall": 0.8847631241996937,
  "training_loss": 0.10574015509337187,
  "training_cpu_memory_MB": 2963.864,
  "training_gpu_0_memory_MB": 3666,
  "training_gpu_1_memory_MB": 10,
  "training_gpu_2_memory_MB": 10,
  "validation_precision-overall": 0.7317073170731703,
  "validation_recall-overall": 0.7499999999999996,
  "validation_f1-measure-overall": 0.7407407407406904,
  "validation_loss": 0.5063252449035645,
  "best_validation_precision-overall": 0.8139534883720925,
  "best_validation_recall-overall": 0.6999999999999996,
  "best_validation_f1-measure-overall": 0.7526881720429607,
  "best_validation_loss": 0.48545584082603455
}