{
  "best_epoch": 262,
  "peak_cpu_memory_MB": 2963.864,
  "peak_gpu_0_memory_MB": 3668,
  "peak_gpu_1_memory_MB": 10,
  "peak_gpu_2_memory_MB": 10,
  "training_duration": "0:22:12.281908",
  "training_start_epoch": 0,
  "training_epochs": 411,
  "epoch": 411,
  "training_precision-overall": 0.9910485933503835,
  "training_recall-overall": 0.986005089058524,
  "training_f1-measure-overall": 0.9885204081632152,
  "training_loss": 0.006762126115063438,
  "training_cpu_memory_MB": 2963.864,
  "training_gpu_0_memory_MB": 3668,
  "training_gpu_1_memory_MB": 10,
  "training_gpu_2_memory_MB": 10,
  "validation_precision-overall": 0.7880434782608691,
  "validation_recall-overall": 0.7249999999999995,
  "validation_f1-measure-overall": 0.755208333333283,
  "validation_loss": 1.342830777168274,
  "best_validation_precision-overall": 0.8118279569892468,
  "best_validation_recall-overall": 0.7549999999999996,
  "best_validation_f1-measure-overall": 0.7823834196890688,
  "best_validation_loss": 1.2544240951538086
}