{
  "best_epoch": 73,
  "peak_cpu_memory_MB": 2963.864,
  "peak_gpu_0_memory_MB": 3666,
  "peak_gpu_1_memory_MB": 10,
  "peak_gpu_2_memory_MB": 10,
  "training_duration": "0:04:48.919499",
  "training_start_epoch": 0,
  "training_epochs": 87,
  "epoch": 87,
  "training_precision-overall": 0.9757653061224488,
  "training_recall-overall": 0.9732824427480915,
  "training_f1-measure-overall": 0.9745222929935805,
  "training_loss": 0.02097339149349864,
  "training_cpu_memory_MB": 2963.864,
  "training_gpu_0_memory_MB": 3666,
  "training_gpu_1_memory_MB": 10,
  "training_gpu_2_memory_MB": 10,
  "validation_precision-overall": 0.7736842105263153,
  "validation_recall-overall": 0.7349999999999995,
  "validation_f1-measure-overall": 0.7538461538461034,
  "validation_loss": 0.771517276763916,
  "best_validation_precision-overall": 0.7860962566844915,
  "best_validation_recall-overall": 0.7349999999999995,
  "best_validation_f1-measure-overall": 0.7596899224805697,
  "best_validation_loss": 0.8098266124725342
}