{
  "best_epoch": 262,
  "peak_cpu_memory_MB": 2963.864,
  "peak_gpu_0_memory_MB": 3666,
  "peak_gpu_1_memory_MB": 10,
  "peak_gpu_2_memory_MB": 10,
  "training_duration": "0:18:01.082606",
  "training_start_epoch": 0,
  "training_epochs": 331,
  "epoch": 331,
  "training_precision-overall": 0.9884318766066836,
  "training_recall-overall": 0.9783715012722645,
  "training_f1-measure-overall": 0.9833759590792337,
  "training_loss": 0.012532159384136321,
  "training_cpu_memory_MB": 2963.864,
  "training_gpu_0_memory_MB": 3666,
  "training_gpu_1_memory_MB": 10,
  "training_gpu_2_memory_MB": 10,
  "validation_precision-overall": 0.7313432835820891,
  "validation_recall-overall": 0.7349999999999995,
  "validation_f1-measure-overall": 0.7331670822942139,
  "validation_loss": 0.9353499412536621,
  "best_validation_precision-overall": 0.8118279569892468,
  "best_validation_recall-overall": 0.7549999999999996,
  "best_validation_f1-measure-overall": 0.7823834196890688,
  "best_validation_loss": 1.2544240951538086
}