{
  "best_epoch": 239,
  "peak_cpu_memory_MB": 2963.864,
  "peak_gpu_0_memory_MB": 3666,
  "peak_gpu_1_memory_MB": 10,
  "peak_gpu_2_memory_MB": 10,
  "training_duration": "0:13:30.910967",
  "training_start_epoch": 0,
  "training_epochs": 246,
  "epoch": 246,
  "training_precision-overall": 0.9910828025477706,
  "training_recall-overall": 0.9898218829516539,
  "training_f1-measure-overall": 0.9904519414385241,
  "training_loss": 0.008216957226068189,
  "training_cpu_memory_MB": 2963.864,
  "training_gpu_0_memory_MB": 3666,
  "training_gpu_1_memory_MB": 10,
  "training_gpu_2_memory_MB": 10,
  "validation_precision-overall": 0.7999999999999995,
  "validation_recall-overall": 0.7399999999999995,
  "validation_f1-measure-overall": 0.7688311688311185,
  "validation_loss": 1.3016222715377808,
  "best_validation_precision-overall": 0.8248587570621464,
  "best_validation_recall-overall": 0.7299999999999995,
  "best_validation_f1-measure-overall": 0.7745358090185174,
  "best_validation_loss": 1.2552558183670044
}