{
  "best_epoch": 90,
  "peak_cpu_memory_MB": 2963.864,
  "peak_gpu_0_memory_MB": 3666,
  "peak_gpu_1_memory_MB": 10,
  "peak_gpu_2_memory_MB": 10,
  "training_duration": "0:05:43.514048",
  "training_start_epoch": 0,
  "training_epochs": 104,
  "epoch": 104,
  "training_precision-overall": 0.9833759590792838,
  "training_recall-overall": 0.9783715012722645,
  "training_f1-measure-overall": 0.9808673469387253,
  "training_loss": 0.01765756294480525,
  "training_cpu_memory_MB": 2963.864,
  "training_gpu_0_memory_MB": 3666,
  "training_gpu_1_memory_MB": 10,
  "training_gpu_2_memory_MB": 10,
  "validation_precision-overall": 0.7549999999999996,
  "validation_recall-overall": 0.7549999999999996,
  "validation_f1-measure-overall": 0.7549999999999496,
  "validation_loss": 0.8760802745819092,
  "best_validation_precision-overall": 0.784210526315789,
  "best_validation_recall-overall": 0.7449999999999996,
  "best_validation_f1-measure-overall": 0.7641025641025138,
  "best_validation_loss": 0.7732226252555847
}