{
  "best_epoch": 112,
  "peak_cpu_memory_MB": 2963.864,
  "peak_gpu_0_memory_MB": 3666,
  "peak_gpu_1_memory_MB": 10,
  "peak_gpu_2_memory_MB": 10,
  "training_duration": "0:06:26.578133",
  "training_start_epoch": 0,
  "training_epochs": 117,
  "epoch": 117,
  "training_precision-overall": 0.9834605597964375,
  "training_recall-overall": 0.9834605597964375,
  "training_f1-measure-overall": 0.9834605597963876,
  "training_loss": 0.013338952298909135,
  "training_cpu_memory_MB": 2963.864,
  "training_gpu_0_memory_MB": 3666,
  "training_gpu_1_memory_MB": 10,
  "training_gpu_2_memory_MB": 10,
  "validation_precision-overall": 0.7643979057591619,
  "validation_recall-overall": 0.7299999999999995,
  "validation_f1-measure-overall": 0.746803069053658,
  "validation_loss": 0.9267936944961548,
  "best_validation_precision-overall": 0.8076923076923072,
  "best_validation_recall-overall": 0.7349999999999995,
  "best_validation_f1-measure-overall": 0.7696335078533528,
  "best_validation_loss": 0.8769144415855408
}