{
  "best_epoch": 123,
  "peak_cpu_memory_MB": 2963.864,
  "peak_gpu_0_memory_MB": 3666,
  "peak_gpu_1_memory_MB": 10,
  "peak_gpu_2_memory_MB": 10,
  "training_duration": "0:08:55.958733",
  "training_start_epoch": 0,
  "training_epochs": 163,
  "epoch": 163,
  "training_precision-overall": 0.9872122762148337,
  "training_recall-overall": 0.9821882951653943,
  "training_f1-measure-overall": 0.9846938775509704,
  "training_loss": 0.010701920536121179,
  "training_cpu_memory_MB": 2963.864,
  "training_gpu_0_memory_MB": 3666,
  "training_gpu_1_memory_MB": 10,
  "training_gpu_2_memory_MB": 10,
  "validation_precision-overall": 0.7883597883597879,
  "validation_recall-overall": 0.7449999999999996,
  "validation_f1-measure-overall": 0.7660668380462221,
  "validation_loss": 1.0339550971984863,
  "best_validation_precision-overall": 0.8166666666666661,
  "best_validation_recall-overall": 0.7349999999999995,
  "best_validation_f1-measure-overall": 0.7736842105262655,
  "best_validation_loss": 0.9223098158836365
}