{
  "best_epoch": 262,
  "peak_cpu_memory_MB": 2963.864,
  "peak_gpu_0_memory_MB": 3668,
  "peak_gpu_1_memory_MB": 10,
  "peak_gpu_2_memory_MB": 10,
  "training_duration": "0:21:12.399765",
  "training_start_epoch": 0,
  "training_epochs": 392,
  "epoch": 392,
  "training_precision-overall": 0.9822109275730622,
  "training_recall-overall": 0.9834605597964375,
  "training_f1-measure-overall": 0.9828353464716599,
  "training_loss": 0.008688788801919145,
  "training_cpu_memory_MB": 2963.864,
  "training_gpu_0_memory_MB": 3668,
  "training_gpu_1_memory_MB": 10,
  "training_gpu_2_memory_MB": 10,
  "validation_precision-overall": 0.7765957446808506,
  "validation_recall-overall": 0.7299999999999995,
  "validation_f1-measure-overall": 0.7525773195875783,
  "validation_loss": 1.2412594556808472,
  "best_validation_precision-overall": 0.8118279569892468,
  "best_validation_recall-overall": 0.7549999999999996,
  "best_validation_f1-measure-overall": 0.7823834196890688,
  "best_validation_loss": 1.2544240951538086
}