{
  "best_epoch": 123,
  "peak_cpu_memory_MB": 2963.864,
  "peak_gpu_0_memory_MB": 3666,
  "peak_gpu_1_memory_MB": 10,
  "peak_gpu_2_memory_MB": 10,
  "training_duration": "0:07:25.317719",
  "training_start_epoch": 0,
  "training_epochs": 135,
  "epoch": 135,
  "training_precision-overall": 0.9808673469387754,
  "training_recall-overall": 0.9783715012722645,
  "training_f1-measure-overall": 0.9796178343948544,
  "training_loss": 0.013352139074413572,
  "training_cpu_memory_MB": 2963.864,
  "training_gpu_0_memory_MB": 3666,
  "training_gpu_1_memory_MB": 10,
  "training_gpu_2_memory_MB": 10,
  "validation_precision-overall": 0.7826086956521734,
  "validation_recall-overall": 0.7199999999999996,
  "validation_f1-measure-overall": 0.7499999999999496,
  "validation_loss": 0.9530068039894104,
  "best_validation_precision-overall": 0.8166666666666661,
  "best_validation_recall-overall": 0.7349999999999995,
  "best_validation_f1-measure-overall": 0.7736842105262655,
  "best_validation_loss": 0.9223098158836365
}