{
  "best_epoch": 262,
  "peak_cpu_memory_MB": 2963.864,
  "peak_gpu_0_memory_MB": 3666,
  "peak_gpu_1_memory_MB": 10,
  "peak_gpu_2_memory_MB": 10,
  "training_duration": "0:17:48.620251",
  "training_start_epoch": 0,
  "training_epochs": 327,
  "epoch": 327,
  "training_precision-overall": 0.961298377028714,
  "training_recall-overall": 0.9796437659033077,
  "training_f1-measure-overall": 0.9703843730308258,
  "training_loss": 0.06205752841196954,
  "training_cpu_memory_MB": 2963.864,
  "training_gpu_0_memory_MB": 3666,
  "training_gpu_1_memory_MB": 10,
  "training_gpu_2_memory_MB": 10,
  "validation_precision-overall": 0.6375545851528381,
  "validation_recall-overall": 0.7299999999999995,
  "validation_f1-measure-overall": 0.6806526806526305,
  "validation_loss": 0.8854140639305115,
  "best_validation_precision-overall": 0.8118279569892468,
  "best_validation_recall-overall": 0.7549999999999996,
  "best_validation_f1-measure-overall": 0.7823834196890688,
  "best_validation_loss": 1.2544240951538086
}