{
  "best_epoch": 73,
  "peak_cpu_memory_MB": 2963.864,
  "peak_gpu_0_memory_MB": 3666,
  "peak_gpu_1_memory_MB": 10,
  "peak_gpu_2_memory_MB": 10,
  "training_duration": "0:04:20.398950",
  "training_start_epoch": 0,
  "training_epochs": 78,
  "epoch": 78,
  "training_precision-overall": 0.97084917617237,
  "training_recall-overall": 0.9745547073791347,
  "training_f1-measure-overall": 0.9726984126983627,
  "training_loss": 0.028520397194370162,
  "training_cpu_memory_MB": 2963.864,
  "training_gpu_0_memory_MB": 3666,
  "training_gpu_1_memory_MB": 10,
  "training_gpu_2_memory_MB": 10,
  "validation_precision-overall": 0.8284023668639048,
  "validation_recall-overall": 0.6999999999999996,
  "validation_f1-measure-overall": 0.7588075880758307,
  "validation_loss": 0.7353638410568237,
  "best_validation_precision-overall": 0.7860962566844915,
  "best_validation_recall-overall": 0.7349999999999995,
  "best_validation_f1-measure-overall": 0.7596899224805697,
  "best_validation_loss": 0.8098266124725342
}