{
  "best_epoch": 262,
  "peak_cpu_memory_MB": 2963.864,
  "peak_gpu_0_memory_MB": 3666,
  "peak_gpu_1_memory_MB": 10,
  "peak_gpu_2_memory_MB": 10,
  "training_duration": "0:17:26.697681",
  "training_start_epoch": 0,
  "training_epochs": 320,
  "epoch": 320,
  "training_precision-overall": 0.9885786802030455,
  "training_recall-overall": 0.9910941475826971,
  "training_f1-measure-overall": 0.9898348157559855,
  "training_loss": 0.007227738172332465,
  "training_cpu_memory_MB": 2963.864,
  "training_gpu_0_memory_MB": 3666,
  "training_gpu_1_memory_MB": 10,
  "training_gpu_2_memory_MB": 10,
  "validation_precision-overall": 0.8111111111111106,
  "validation_recall-overall": 0.7299999999999995,
  "validation_f1-measure-overall": 0.7684210526315287,
  "validation_loss": 1.4934937953948975,
  "best_validation_precision-overall": 0.8118279569892468,
  "best_validation_recall-overall": 0.7549999999999996,
  "best_validation_f1-measure-overall": 0.7823834196890688,
  "best_validation_loss": 1.2544240951538086
}