{
  "best_epoch": 46,
  "peak_cpu_memory_MB": 2963.864,
  "peak_gpu_0_memory_MB": 3666,
  "peak_gpu_1_memory_MB": 10,
  "peak_gpu_2_memory_MB": 10,
  "training_duration": "0:02:44.617319",
  "training_start_epoch": 0,
  "training_epochs": 48,
  "epoch": 48,
  "training_precision-overall": 0.8865710560625814,
  "training_recall-overall": 0.8651399491094146,
  "training_f1-measure-overall": 0.8757244043785719,
  "training_loss": 0.10766168066766113,
  "training_cpu_memory_MB": 2963.864,
  "training_gpu_0_memory_MB": 3666,
  "training_gpu_1_memory_MB": 10,
  "training_gpu_2_memory_MB": 10,
  "validation_precision-overall": 0.7448979591836731,
  "validation_recall-overall": 0.7299999999999995,
  "validation_f1-measure-overall": 0.7373737373736869,
  "validation_loss": 0.5012159943580627,
  "best_validation_precision-overall": 0.8139534883720925,
  "best_validation_recall-overall": 0.6999999999999996,
  "best_validation_f1-measure-overall": 0.7526881720429607,
  "best_validation_loss": 0.48545584082603455
}