{
  "best_epoch": 19,
  "peak_cpu_memory_MB": 2963.864,
  "peak_gpu_0_memory_MB": 3666,
  "peak_gpu_1_memory_MB": 10,
  "peak_gpu_2_memory_MB": 10,
  "training_duration": "0:01:05.975061",
  "training_start_epoch": 0,
  "training_epochs": 19,
  "epoch": 19,
  "training_precision-overall": 0.813559322033898,
  "training_recall-overall": 0.36641221374045796,
  "training_f1-measure-overall": 0.5052631578946939,
  "training_loss": 0.42356280237436295,
  "training_cpu_memory_MB": 2963.864,
  "training_gpu_0_memory_MB": 3666,
  "training_gpu_1_memory_MB": 10,
  "training_gpu_2_memory_MB": 10,
  "validation_precision-overall": 0.8137254901960776,
  "validation_recall-overall": 0.41499999999999976,
  "validation_f1-measure-overall": 0.5496688741721403,
  "validation_loss": 0.45262032747268677,
  "best_validation_precision-overall": 0.8137254901960776,
  "best_validation_recall-overall": 0.41499999999999976,
  "best_validation_f1-measure-overall": 0.5496688741721403,
  "best_validation_loss": 0.45262032747268677
}