{
  "best_epoch": 262,
  "peak_cpu_memory_MB": 2963.864,
  "peak_gpu_0_memory_MB": 3666,
  "peak_gpu_1_memory_MB": 10,
  "peak_gpu_2_memory_MB": 10,
  "training_duration": "0:18:07.307703",
  "training_start_epoch": 0,
  "training_epochs": 333,
  "epoch": 333,
  "training_precision-overall": 0.9897567221510882,
  "training_recall-overall": 0.9834605597964375,
  "training_f1-measure-overall": 0.9865985960433449,
  "training_loss": 0.009489982367085759,
  "training_cpu_memory_MB": 2963.864,
  "training_gpu_0_memory_MB": 3666,
  "training_gpu_1_memory_MB": 10,
  "training_gpu_2_memory_MB": 10,
  "validation_precision-overall": 0.7397959183673465,
  "validation_recall-overall": 0.7249999999999995,
  "validation_f1-measure-overall": 0.7323232323231819,
  "validation_loss": 1.0237321853637695,
  "best_validation_precision-overall": 0.8118279569892468,
  "best_validation_recall-overall": 0.7549999999999996,
  "best_validation_f1-measure-overall": 0.7823834196890688,
  "best_validation_loss": 1.2544240951538086
}