{
  "best_epoch": 90,
  "peak_cpu_memory_MB": 2963.864,
  "peak_gpu_0_memory_MB": 3666,
  "peak_gpu_1_memory_MB": 10,
  "peak_gpu_2_memory_MB": 10,
  "training_duration": "0:05:14.942496",
  "training_start_epoch": 0,
  "training_epochs": 95,
  "epoch": 95,
  "training_precision-overall": 0.9735182849936946,
  "training_recall-overall": 0.9821882951653943,
  "training_f1-measure-overall": 0.9778340721975434,
  "training_loss": 0.017767034831194906,
  "training_cpu_memory_MB": 2963.864,
  "training_gpu_0_memory_MB": 3666,
  "training_gpu_1_memory_MB": 10,
  "training_gpu_2_memory_MB": 10,
  "validation_precision-overall": 0.7801047120418844,
  "validation_recall-overall": 0.7449999999999996,
  "validation_f1-measure-overall": 0.7621483375958577,
  "validation_loss": 0.8244704008102417,
  "best_validation_precision-overall": 0.784210526315789,
  "best_validation_recall-overall": 0.7449999999999996,
  "best_validation_f1-measure-overall": 0.7641025641025138,
  "best_validation_loss": 0.7732226252555847
}