{
  "best_epoch": 262,
  "peak_cpu_memory_MB": 2963.864,
  "peak_gpu_0_memory_MB": 3666,
  "peak_gpu_1_memory_MB": 10,
  "peak_gpu_2_memory_MB": 10,
  "training_duration": "0:14:24.431015",
  "training_start_epoch": 0,
  "training_epochs": 262,
  "epoch": 262,
  "training_precision-overall": 0.9885057471264367,
  "training_recall-overall": 0.9847328244274808,
  "training_f1-measure-overall": 0.9866156787762406,
  "training_loss": 0.008784515950537752,
  "training_cpu_memory_MB": 2963.864,
  "training_gpu_0_memory_MB": 3666,
  "training_gpu_1_memory_MB": 10,
  "training_gpu_2_memory_MB": 10,
  "validation_precision-overall": 0.8118279569892468,
  "validation_recall-overall": 0.7549999999999996,
  "validation_f1-measure-overall": 0.7823834196890688,
  "validation_loss": 1.2544240951538086,
  "best_validation_precision-overall": 0.8118279569892468,
  "best_validation_recall-overall": 0.7549999999999996,
  "best_validation_f1-measure-overall": 0.7823834196890688,
  "best_validation_loss": 1.2544240951538086
}