{
  "best_epoch": 118,
  "peak_cpu_memory_MB": 2963.864,
  "peak_gpu_0_memory_MB": 3666,
  "peak_gpu_1_memory_MB": 10,
  "peak_gpu_2_memory_MB": 10,
  "training_duration": "0:06:43.248473",
  "training_start_epoch": 0,
  "training_epochs": 122,
  "epoch": 122,
  "training_precision-overall": 0.9808917197452228,
  "training_recall-overall": 0.9796437659033077,
  "training_f1-measure-overall": 0.9802673456396699,
  "training_loss": 0.01379872649704339,
  "training_cpu_memory_MB": 2963.864,
  "training_gpu_0_memory_MB": 3666,
  "training_gpu_1_memory_MB": 10,
  "training_gpu_2_memory_MB": 10,
  "validation_precision-overall": 0.7823834196891187,
  "validation_recall-overall": 0.7549999999999996,
  "validation_f1-measure-overall": 0.7684478371500769,
  "validation_loss": 0.9512161612510681,
  "best_validation_precision-overall": 0.7967914438502669,
  "best_validation_recall-overall": 0.7449999999999996,
  "best_validation_f1-measure-overall": 0.7700258397932312,
  "best_validation_loss": 0.9001166820526123
}