{
  "best_epoch": 33,
  "peak_cpu_memory_MB": 2963.864,
  "peak_gpu_0_memory_MB": 3666,
  "peak_gpu_1_memory_MB": 10,
  "peak_gpu_2_memory_MB": 10,
  "training_duration": "0:02:01.169052",
  "training_start_epoch": 0,
  "training_epochs": 35,
  "epoch": 35,
  "training_precision-overall": 0.779940119760479,
  "training_recall-overall": 0.6628498727735368,
  "training_f1-measure-overall": 0.7166437414029764,
  "training_loss": 0.24684863723814487,
  "training_cpu_memory_MB": 2963.864,
  "training_gpu_0_memory_MB": 3666,
  "training_gpu_1_memory_MB": 10,
  "training_gpu_2_memory_MB": 10,
  "validation_precision-overall": 0.7639751552795025,
  "validation_recall-overall": 0.6149999999999997,
  "validation_f1-measure-overall": 0.6814404432132466,
  "validation_loss": 0.40738365054130554,
  "best_validation_precision-overall": 0.6919431279620849,
  "best_validation_recall-overall": 0.7299999999999995,
  "best_validation_f1-measure-overall": 0.7104622871045726,
  "best_validation_loss": 0.45349621772766113
}