{
  "best_epoch": 262,
  "peak_cpu_memory_MB": 2963.864,
  "peak_gpu_0_memory_MB": 3666,
  "peak_gpu_1_memory_MB": 10,
  "peak_gpu_2_memory_MB": 10,
  "training_duration": "0:17:32.981477",
  "training_start_epoch": 0,
  "training_epochs": 322,
  "epoch": 322,
  "training_precision-overall": 0.9897304236200255,
  "training_recall-overall": 0.9809160305343511,
  "training_f1-measure-overall": 0.9853035143769466,
  "training_loss": 0.007748706341772049,
  "training_cpu_memory_MB": 2963.864,
  "training_gpu_0_memory_MB": 3666,
  "training_gpu_1_memory_MB": 10,
  "training_gpu_2_memory_MB": 10,
  "validation_precision-overall": 0.787234042553191,
  "validation_recall-overall": 0.7399999999999995,
  "validation_f1-measure-overall": 0.7628865979380939,
  "validation_loss": 1.505446195602417,
  "best_validation_precision-overall": 0.8118279569892468,
  "best_validation_recall-overall": 0.7549999999999996,
  "best_validation_f1-measure-overall": 0.7823834196890688,
  "best_validation_loss": 1.2544240951538086
}