{
  "best_epoch": 29,
  "peak_cpu_memory_MB": 2963.864,
  "peak_gpu_0_memory_MB": 3666,
  "peak_gpu_1_memory_MB": 10,
  "peak_gpu_2_memory_MB": 10,
  "training_duration": "0:01:50.910452",
  "training_start_epoch": 0,
  "training_epochs": 32,
  "epoch": 32,
  "training_precision-overall": 0.7797427652733118,
  "training_recall-overall": 0.6170483460559796,
  "training_f1-measure-overall": 0.6889204545454051,
  "training_loss": 0.2660896498709917,
  "training_cpu_memory_MB": 2963.864,
  "training_gpu_0_memory_MB": 3666,
  "training_gpu_1_memory_MB": 10,
  "training_gpu_2_memory_MB": 10,
  "validation_precision-overall": 0.7277777777777773,
  "validation_recall-overall": 0.6549999999999996,
  "validation_f1-measure-overall": 0.6894736842104761,
  "validation_loss": 0.40666359663009644,
  "best_validation_precision-overall": 0.7874999999999994,
  "best_validation_recall-overall": 0.6299999999999997,
  "best_validation_f1-measure-overall": 0.6999999999999502,
  "best_validation_loss": 0.4069182574748993
}