{
  "best_epoch": 16,
  "peak_cpu_memory_MB": 2963.864,
  "peak_gpu_0_memory_MB": 3666,
  "peak_gpu_1_memory_MB": 10,
  "peak_gpu_2_memory_MB": 10,
  "training_duration": "0:00:59.626733",
  "training_start_epoch": 0,
  "training_epochs": 17,
  "epoch": 17,
  "training_precision-overall": 0.5969581749049429,
  "training_recall-overall": 0.39949109414758266,
  "training_f1-measure-overall": 0.47865853658531776,
  "training_loss": 0.4919752702116966,
  "training_cpu_memory_MB": 2963.864,
  "training_gpu_0_memory_MB": 3666,
  "training_gpu_1_memory_MB": 10,
  "training_gpu_2_memory_MB": 10,
  "validation_precision-overall": 0.9787234042553171,
  "validation_recall-overall": 0.22999999999999987,
  "validation_f1-measure-overall": 0.3724696356274993,
  "validation_loss": 0.5853800773620605,
  "best_validation_precision-overall": 0.9710144927536218,
  "best_validation_recall-overall": 0.3349999999999998,
  "best_validation_f1-measure-overall": 0.4981412639404819,
  "best_validation_loss": 0.49889075756073
}