{
  "best_epoch": 90,
  "peak_cpu_memory_MB": 2963.864,
  "peak_gpu_0_memory_MB": 3666,
  "peak_gpu_1_memory_MB": 10,
  "peak_gpu_2_memory_MB": 10,
  "training_duration": "0:05:30.844217",
  "training_start_epoch": 0,
  "training_epochs": 100,
  "epoch": 100,
  "training_precision-overall": 0.9747155499367888,
  "training_recall-overall": 0.9809160305343511,
  "training_f1-measure-overall": 0.9778059606847945,
  "training_loss": 0.017186173470690846,
  "training_cpu_memory_MB": 2963.864,
  "training_gpu_0_memory_MB": 3666,
  "training_gpu_1_memory_MB": 10,
  "training_gpu_2_memory_MB": 10,
  "validation_precision-overall": 0.7826086956521734,
  "validation_recall-overall": 0.7199999999999996,
  "validation_f1-measure-overall": 0.7499999999999496,
  "validation_loss": 0.8656202554702759,
  "best_validation_precision-overall": 0.784210526315789,
  "best_validation_recall-overall": 0.7449999999999996,
  "best_validation_f1-measure-overall": 0.7641025641025138,
  "best_validation_loss": 0.7732226252555847
}