{
  "best_epoch": 262,
  "peak_cpu_memory_MB": 2963.864,
  "peak_gpu_0_memory_MB": 3666,
  "peak_gpu_1_memory_MB": 10,
  "peak_gpu_2_memory_MB": 10,
  "training_duration": "0:17:07.934392",
  "training_start_epoch": 0,
  "training_epochs": 314,
  "epoch": 314,
  "training_precision-overall": 0.9897828863346103,
  "training_recall-overall": 0.986005089058524,
  "training_f1-measure-overall": 0.9878903760356414,
  "training_loss": 0.007944273809698643,
  "training_cpu_memory_MB": 2963.864,
  "training_gpu_0_memory_MB": 3666,
  "training_gpu_1_memory_MB": 10,
  "training_gpu_2_memory_MB": 10,
  "validation_precision-overall": 0.7925531914893612,
  "validation_recall-overall": 0.7449999999999996,
  "validation_f1-measure-overall": 0.7680412371133517,
  "validation_loss": 1.4335484504699707,
  "best_validation_precision-overall": 0.8118279569892468,
  "best_validation_recall-overall": 0.7549999999999996,
  "best_validation_f1-measure-overall": 0.7823834196890688,
  "best_validation_loss": 1.2544240951538086
}