{
  "best_epoch": 123,
  "peak_cpu_memory_MB": 2963.864,
  "peak_gpu_0_memory_MB": 3666,
  "peak_gpu_1_memory_MB": 10,
  "peak_gpu_2_memory_MB": 10,
  "training_duration": "0:09:08.579531",
  "training_start_epoch": 0,
  "training_epochs": 167,
  "epoch": 167,
  "training_precision-overall": 0.9809885931558934,
  "training_recall-overall": 0.9847328244274808,
  "training_f1-measure-overall": 0.9828571428570928,
  "training_loss": 0.011489270495076198,
  "training_cpu_memory_MB": 2963.864,
  "training_gpu_0_memory_MB": 3666,
  "training_gpu_1_memory_MB": 10,
  "training_gpu_2_memory_MB": 10,
  "validation_precision-overall": 0.7849462365591393,
  "validation_recall-overall": 0.7299999999999995,
  "validation_f1-measure-overall": 0.7564766839377736,
  "validation_loss": 1.0055277347564697,
  "best_validation_precision-overall": 0.8166666666666661,
  "best_validation_recall-overall": 0.7349999999999995,
  "best_validation_f1-measure-overall": 0.7736842105262655,
  "best_validation_loss": 0.9223098158836365
}