{
  "best_epoch": 73,
  "peak_cpu_memory_MB": 2963.864,
  "peak_gpu_0_memory_MB": 3666,
  "peak_gpu_1_memory_MB": 10,
  "peak_gpu_2_memory_MB": 10,
  "training_duration": "0:04:55.282530",
  "training_start_epoch": 0,
  "training_epochs": 89,
  "epoch": 89,
  "training_precision-overall": 0.9721166032953104,
  "training_recall-overall": 0.975826972010178,
  "training_f1-measure-overall": 0.9739682539682039,
  "training_loss": 0.022798556714406004,
  "training_cpu_memory_MB": 2963.864,
  "training_gpu_0_memory_MB": 3666,
  "training_gpu_1_memory_MB": 10,
  "training_gpu_2_memory_MB": 10,
  "validation_precision-overall": 0.7923497267759558,
  "validation_recall-overall": 0.7249999999999995,
  "validation_f1-measure-overall": 0.7571801566579133,
  "validation_loss": 0.7994896173477173,
  "best_validation_precision-overall": 0.7860962566844915,
  "best_validation_recall-overall": 0.7349999999999995,
  "best_validation_f1-measure-overall": 0.7596899224805697,
  "best_validation_loss": 0.8098266124725342
}