{
  "best_epoch": 105,
  "peak_cpu_memory_MB": 2963.864,
  "peak_gpu_0_memory_MB": 3666,
  "peak_gpu_1_memory_MB": 10,
  "peak_gpu_2_memory_MB": 10,
  "training_duration": "0:05:46.649381",
  "training_start_epoch": 0,
  "training_epochs": 105,
  "epoch": 105,
  "training_precision-overall": 0.9847522236340532,
  "training_recall-overall": 0.986005089058524,
  "training_f1-measure-overall": 0.9853782581054806,
  "training_loss": 0.012829010039695277,
  "training_cpu_memory_MB": 2963.864,
  "training_gpu_0_memory_MB": 3666,
  "training_gpu_1_memory_MB": 10,
  "training_gpu_2_memory_MB": 10,
  "validation_precision-overall": 0.7956989247311823,
  "validation_recall-overall": 0.7399999999999995,
  "validation_f1-measure-overall": 0.7668393782382916,
  "validation_loss": 0.8998104333877563,
  "best_validation_precision-overall": 0.7956989247311823,
  "best_validation_recall-overall": 0.7399999999999995,
  "best_validation_f1-measure-overall": 0.7668393782382916,
  "best_validation_loss": 0.8998104333877563
}