{
  "best_epoch": 21,
  "peak_cpu_memory_MB": 2963.864,
  "peak_gpu_0_memory_MB": 3666,
  "peak_gpu_1_memory_MB": 10,
  "peak_gpu_2_memory_MB": 10,
  "training_duration": "0:01:20.166067",
  "training_start_epoch": 0,
  "training_epochs": 23,
  "epoch": 23,
  "training_precision-overall": 0.5892116182572613,
  "training_recall-overall": 0.5419847328244274,
  "training_f1-measure-overall": 0.5646123260436876,
  "training_loss": 0.413838230073452,
  "training_cpu_memory_MB": 2963.864,
  "training_gpu_0_memory_MB": 3666,
  "training_gpu_1_memory_MB": 10,
  "training_gpu_2_memory_MB": 10,
  "validation_precision-overall": 0.8588235294117637,
  "validation_recall-overall": 0.36499999999999977,
  "validation_f1-measure-overall": 0.5122807017543438,
  "validation_loss": 0.514911413192749,
  "best_validation_precision-overall": 0.7480314960629916,
  "best_validation_recall-overall": 0.47499999999999976,
  "best_validation_f1-measure-overall": 0.5810397553516341,
  "best_validation_loss": 0.4367198050022125
}