{
  "best_epoch": 262,
  "peak_cpu_memory_MB": 2963.864,
  "peak_gpu_0_memory_MB": 3666,
  "peak_gpu_1_memory_MB": 10,
  "peak_gpu_2_memory_MB": 10,
  "training_duration": "0:17:54.860833",
  "training_start_epoch": 0,
  "training_epochs": 329,
  "epoch": 329,
  "training_precision-overall": 0.9089775561097255,
  "training_recall-overall": 0.9274809160305342,
  "training_f1-measure-overall": 0.9181360201510833,
  "training_loss": 0.08719288709107786,
  "training_cpu_memory_MB": 2963.864,
  "training_gpu_0_memory_MB": 3666,
  "training_gpu_1_memory_MB": 10,
  "training_gpu_2_memory_MB": 10,
  "validation_precision-overall": 0.7844311377245503,
  "validation_recall-overall": 0.6549999999999996,
  "validation_f1-measure-overall": 0.7138964577656176,
  "validation_loss": 0.7714263200759888,
  "best_validation_precision-overall": 0.8118279569892468,
  "best_validation_recall-overall": 0.7549999999999996,
  "best_validation_f1-measure-overall": 0.7823834196890688,
  "best_validation_loss": 1.2544240951538086
}