{
  "best_epoch": 262,
  "peak_cpu_memory_MB": 2963.864,
  "peak_gpu_0_memory_MB": 3666,
  "peak_gpu_1_memory_MB": 10,
  "peak_gpu_2_memory_MB": 10,
  "training_duration": "0:19:32.063869",
  "training_start_epoch": 0,
  "training_epochs": 360,
  "epoch": 360,
  "training_precision-overall": 0.9809402795425666,
  "training_recall-overall": 0.9821882951653943,
  "training_f1-measure-overall": 0.9815638906547496,
  "training_loss": 0.008289375269669108,
  "training_cpu_memory_MB": 2963.864,
  "training_gpu_0_memory_MB": 3666,
  "training_gpu_1_memory_MB": 10,
  "training_gpu_2_memory_MB": 10,
  "validation_precision-overall": 0.7807486631016038,
  "validation_recall-overall": 0.7299999999999995,
  "validation_f1-measure-overall": 0.7545219638242391,
  "validation_loss": 1.2096632719039917,
  "best_validation_precision-overall": 0.8118279569892468,
  "best_validation_recall-overall": 0.7549999999999996,
  "best_validation_f1-measure-overall": 0.7823834196890688,
  "best_validation_loss": 1.2544240951538086
}