{
  "best_epoch": 107,
  "peak_cpu_memory_MB": 2963.864,
  "peak_gpu_0_memory_MB": 3666,
  "peak_gpu_1_memory_MB": 10,
  "peak_gpu_2_memory_MB": 10,
  "training_duration": "0:06:07.054286",
  "training_start_epoch": 0,
  "training_epochs": 111,
  "epoch": 111,
  "training_precision-overall": 0.9846547314578004,
  "training_recall-overall": 0.9796437659033077,
  "training_f1-measure-overall": 0.9821428571428069,
  "training_loss": 0.013568275969191745,
  "training_cpu_memory_MB": 2963.864,
  "training_gpu_0_memory_MB": 3666,
  "training_gpu_1_memory_MB": 10,
  "training_gpu_2_memory_MB": 10,
  "validation_precision-overall": 0.7563451776649742,
  "validation_recall-overall": 0.7449999999999996,
  "validation_f1-measure-overall": 0.750629722921864,
  "validation_loss": 0.8876998424530029,
  "best_validation_precision-overall": 0.8228571428571423,
  "best_validation_recall-overall": 0.7199999999999996,
  "best_validation_f1-measure-overall": 0.7679999999999498,
  "best_validation_loss": 0.9518737196922302
}