{
  "best_epoch": 262,
  "peak_cpu_memory_MB": 2963.864,
  "peak_gpu_0_memory_MB": 3666,
  "peak_gpu_1_memory_MB": 10,
  "peak_gpu_2_memory_MB": 10,
  "training_duration": "0:16:55.195625",
  "training_start_epoch": 0,
  "training_epochs": 310,
  "epoch": 310,
  "training_precision-overall": 0.9834183673469387,
  "training_recall-overall": 0.9809160305343511,
  "training_f1-measure-overall": 0.9821656050954913,
  "training_loss": 0.008154803726938553,
  "training_cpu_memory_MB": 2963.864,
  "training_gpu_0_memory_MB": 3666,
  "training_gpu_1_memory_MB": 10,
  "training_gpu_2_memory_MB": 10,
  "validation_precision-overall": 0.805405405405405,
  "validation_recall-overall": 0.7449999999999996,
  "validation_f1-measure-overall": 0.7740259740259238,
  "validation_loss": 1.5014413595199585,
  "best_validation_precision-overall": 0.8118279569892468,
  "best_validation_recall-overall": 0.7549999999999996,
  "best_validation_f1-measure-overall": 0.7823834196890688,
  "best_validation_loss": 1.2544240951538086
}