{
  "best_epoch": 19,
  "peak_cpu_memory_MB": 2963.864,
  "peak_gpu_0_memory_MB": 3666,
  "peak_gpu_1_memory_MB": 10,
  "peak_gpu_2_memory_MB": 10,
  "training_duration": "0:01:09.781689",
  "training_start_epoch": 0,
  "training_epochs": 20,
  "epoch": 20,
  "training_precision-overall": 0.7457983193277309,
  "training_recall-overall": 0.4516539440203562,
  "training_f1-measure-overall": 0.5625990491283207,
  "training_loss": 0.3740955889225006,
  "training_cpu_memory_MB": 2963.864,
  "training_gpu_0_memory_MB": 3666,
  "training_gpu_1_memory_MB": 10,
  "training_gpu_2_memory_MB": 10,
  "validation_precision-overall": 0.7610619469026542,
  "validation_recall-overall": 0.42999999999999977,
  "validation_f1-measure-overall": 0.5495207667731165,
  "validation_loss": 0.44858139753341675,
  "best_validation_precision-overall": 0.8137254901960776,
  "best_validation_recall-overall": 0.41499999999999976,
  "best_validation_f1-measure-overall": 0.5496688741721403,
  "best_validation_loss": 0.45262032747268677
}