{
  "best_epoch": 90,
  "peak_cpu_memory_MB": 2963.864,
  "peak_gpu_0_memory_MB": 3666,
  "peak_gpu_1_memory_MB": 10,
  "peak_gpu_2_memory_MB": 10,
  "training_duration": "0:05:11.743793",
  "training_start_epoch": 0,
  "training_epochs": 94,
  "epoch": 94,
  "training_precision-overall": 0.9781491002570692,
  "training_recall-overall": 0.9681933842239184,
  "training_f1-measure-overall": 0.9731457800511008,
  "training_loss": 0.019516735097568016,
  "training_cpu_memory_MB": 2963.864,
  "training_gpu_0_memory_MB": 3666,
  "training_gpu_1_memory_MB": 10,
  "training_gpu_2_memory_MB": 10,
  "validation_precision-overall": 0.7704081632653057,
  "validation_recall-overall": 0.7549999999999996,
  "validation_f1-measure-overall": 0.7626262626262122,
  "validation_loss": 0.7642015814781189,
  "best_validation_precision-overall": 0.784210526315789,
  "best_validation_recall-overall": 0.7449999999999996,
  "best_validation_f1-measure-overall": 0.7641025641025138,
  "best_validation_loss": 0.7732226252555847
}