{
  "best_epoch": 118,
  "peak_cpu_memory_MB": 2963.864,
  "peak_gpu_0_memory_MB": 3666,
  "peak_gpu_1_memory_MB": 10,
  "peak_gpu_2_memory_MB": 10,
  "training_duration": "0:06:36.823519",
  "training_start_epoch": 0,
  "training_epochs": 120,
  "epoch": 120,
  "training_precision-overall": 0.977186311787072,
  "training_recall-overall": 0.9809160305343511,
  "training_f1-measure-overall": 0.979047619047569,
  "training_loss": 0.014280934765338316,
  "training_cpu_memory_MB": 2963.864,
  "training_gpu_0_memory_MB": 3666,
  "training_gpu_1_memory_MB": 10,
  "training_gpu_2_memory_MB": 10,
  "validation_precision-overall": 0.7696335078534027,
  "validation_recall-overall": 0.7349999999999995,
  "validation_f1-measure-overall": 0.7519181585677246,
  "validation_loss": 0.9207267165184021,
  "best_validation_precision-overall": 0.7967914438502669,
  "best_validation_recall-overall": 0.7449999999999996,
  "best_validation_f1-measure-overall": 0.7700258397932312,
  "best_validation_loss": 0.9001166820526123
}