{
  "best_epoch": 123,
  "peak_cpu_memory_MB": 2963.864,
  "peak_gpu_0_memory_MB": 3666,
  "peak_gpu_1_memory_MB": 10,
  "peak_gpu_2_memory_MB": 10,
  "training_duration": "0:13:01.162267",
  "training_start_epoch": 0,
  "training_epochs": 237,
  "epoch": 237,
  "training_precision-overall": 0.9834183673469387,
  "training_recall-overall": 0.9809160305343511,
  "training_f1-measure-overall": 0.9821656050954913,
  "training_loss": 0.009225593164046586,
  "training_cpu_memory_MB": 2963.864,
  "training_gpu_0_memory_MB": 3666,
  "training_gpu_1_memory_MB": 10,
  "training_gpu_2_memory_MB": 10,
  "validation_precision-overall": 0.819209039548022,
  "validation_recall-overall": 0.7249999999999995,
  "validation_f1-measure-overall": 0.7692307692307189,
  "validation_loss": 1.2246904373168945,
  "best_validation_precision-overall": 0.8166666666666661,
  "best_validation_recall-overall": 0.7349999999999995,
  "best_validation_f1-measure-overall": 0.7736842105262655,
  "best_validation_loss": 0.9223098158836365
}