{
  "best_epoch": 262,
  "peak_cpu_memory_MB": 2963.864,
  "peak_gpu_0_memory_MB": 3666,
  "peak_gpu_1_memory_MB": 10,
  "peak_gpu_2_memory_MB": 10,
  "training_duration": "0:17:45.474778",
  "training_start_epoch": 0,
  "training_epochs": 326,
  "epoch": 326,
  "training_precision-overall": 0.9885350318471336,
  "training_recall-overall": 0.9872773536895673,
  "training_f1-measure-overall": 0.9879057924888105,
  "training_loss": 0.006666949696409574,
  "training_cpu_memory_MB": 2963.864,
  "training_gpu_0_memory_MB": 3666,
  "training_gpu_1_memory_MB": 10,
  "training_gpu_2_memory_MB": 10,
  "validation_precision-overall": 0.7978723404255315,
  "validation_recall-overall": 0.7499999999999996,
  "validation_f1-measure-overall": 0.7731958762886094,
  "validation_loss": 1.540969729423523,
  "best_validation_precision-overall": 0.8118279569892468,
  "best_validation_recall-overall": 0.7549999999999996,
  "best_validation_f1-measure-overall": 0.7823834196890688,
  "best_validation_loss": 1.2544240951538086
}