{
  "best_epoch": 262,
  "peak_cpu_memory_MB": 2963.864,
  "peak_gpu_0_memory_MB": 3668,
  "peak_gpu_1_memory_MB": 10,
  "peak_gpu_2_memory_MB": 10,
  "training_duration": "0:22:05.838863",
  "training_start_epoch": 0,
  "training_epochs": 409,
  "epoch": 409,
  "training_precision-overall": 0.9884763124199742,
  "training_recall-overall": 0.9821882951653943,
  "training_f1-measure-overall": 0.9853222718570016,
  "training_loss": 0.006662662587586965,
  "training_cpu_memory_MB": 2963.864,
  "training_gpu_0_memory_MB": 3668,
  "training_gpu_1_memory_MB": 10,
  "training_gpu_2_memory_MB": 10,
  "validation_precision-overall": 0.7819148936170208,
  "validation_recall-overall": 0.7349999999999995,
  "validation_f1-measure-overall": 0.7577319587628363,
  "validation_loss": 1.3003009557724,
  "best_validation_precision-overall": 0.8118279569892468,
  "best_validation_recall-overall": 0.7549999999999996,
  "best_validation_f1-measure-overall": 0.7823834196890688,
  "best_validation_loss": 1.2544240951538086
}