{
  "best_epoch": 46,
  "peak_cpu_memory_MB": 2963.864,
  "peak_gpu_0_memory_MB": 3666,
  "peak_gpu_1_memory_MB": 10,
  "peak_gpu_2_memory_MB": 10,
  "training_duration": "0:03:22.631896",
  "training_start_epoch": 0,
  "training_epochs": 60,
  "epoch": 60,
  "training_precision-overall": 0.8654891304347825,
  "training_recall-overall": 0.8104325699745546,
  "training_f1-measure-overall": 0.8370565045991616,
  "training_loss": 0.13868440152145922,
  "training_cpu_memory_MB": 2963.864,
  "training_gpu_0_memory_MB": 3666,
  "training_gpu_1_memory_MB": 10,
  "training_gpu_2_memory_MB": 10,
  "validation_precision-overall": 0.7784431137724546,
  "validation_recall-overall": 0.6499999999999996,
  "validation_f1-measure-overall": 0.7084468664849636,
  "validation_loss": 0.5440151691436768,
  "best_validation_precision-overall": 0.8139534883720925,
  "best_validation_recall-overall": 0.6999999999999996,
  "best_validation_f1-measure-overall": 0.7526881720429607,
  "best_validation_loss": 0.48545584082603455
}