{
  "best_epoch": 123,
  "peak_cpu_memory_MB": 2963.864,
  "peak_gpu_0_memory_MB": 3666,
  "peak_gpu_1_memory_MB": 10,
  "peak_gpu_2_memory_MB": 10,
  "training_duration": "0:10:09.057651",
  "training_start_epoch": 0,
  "training_epochs": 185,
  "epoch": 185,
  "training_precision-overall": 0.9821656050955413,
  "training_recall-overall": 0.9809160305343511,
  "training_f1-measure-overall": 0.9815404201145267,
  "training_loss": 0.009909175534630776,
  "training_cpu_memory_MB": 2963.864,
  "training_gpu_0_memory_MB": 3666,
  "training_gpu_1_memory_MB": 10,
  "training_gpu_2_memory_MB": 10,
  "validation_precision-overall": 0.7837837837837833,
  "validation_recall-overall": 0.7249999999999995,
  "validation_f1-measure-overall": 0.7532467532467029,
  "validation_loss": 1.1126785278320312,
  "best_validation_precision-overall": 0.8166666666666661,
  "best_validation_recall-overall": 0.7349999999999995,
  "best_validation_f1-measure-overall": 0.7736842105262655,
  "best_validation_loss": 0.9223098158836365
}