{
  "best_epoch": 44,
  "peak_cpu_memory_MB": 2963.864,
  "peak_gpu_0_memory_MB": 3666,
  "peak_gpu_1_memory_MB": 10,
  "peak_gpu_2_memory_MB": 10,
  "training_duration": "0:02:34.452032",
  "training_start_epoch": 0,
  "training_epochs": 45,
  "epoch": 45,
  "training_precision-overall": 0.8365019011406843,
  "training_recall-overall": 0.8396946564885495,
  "training_f1-measure-overall": 0.838095238095188,
  "training_loss": 0.14507047552615404,
  "training_cpu_memory_MB": 2963.864,
  "training_gpu_0_memory_MB": 3666,
  "training_gpu_1_memory_MB": 10,
  "training_gpu_2_memory_MB": 10,
  "validation_precision-overall": 0.7081339712918656,
  "validation_recall-overall": 0.7399999999999995,
  "validation_f1-measure-overall": 0.7237163814180426,
  "validation_loss": 0.47122374176979065,
  "best_validation_precision-overall": 0.7342995169082122,
  "best_validation_recall-overall": 0.7599999999999996,
  "best_validation_f1-measure-overall": 0.7469287469286967,
  "best_validation_loss": 0.48858603835105896
}