{
  "best_epoch": 123,
  "peak_cpu_memory_MB": 2963.864,
  "peak_gpu_0_memory_MB": 3666,
  "peak_gpu_1_memory_MB": 10,
  "peak_gpu_2_memory_MB": 10,
  "training_duration": "0:07:09.402844",
  "training_start_epoch": 0,
  "training_epochs": 130,
  "epoch": 130,
  "training_precision-overall": 0.9773013871374526,
  "training_recall-overall": 0.986005089058524,
  "training_f1-measure-overall": 0.9816339455350988,
  "training_loss": 0.01266610209358987,
  "training_cpu_memory_MB": 2963.864,
  "training_gpu_0_memory_MB": 3666,
  "training_gpu_1_memory_MB": 10,
  "training_gpu_2_memory_MB": 10,
  "validation_precision-overall": 0.8022598870056492,
  "validation_recall-overall": 0.7099999999999996,
  "validation_f1-measure-overall": 0.7533156498673238,
  "validation_loss": 0.9260517358779907,
  "best_validation_precision-overall": 0.8166666666666661,
  "best_validation_recall-overall": 0.7349999999999995,
  "best_validation_f1-measure-overall": 0.7736842105262655,
  "best_validation_loss": 0.9223098158836365
}