{
  "best_epoch": 239,
  "peak_cpu_memory_MB": 2963.864,
  "peak_gpu_0_memory_MB": 3666,
  "peak_gpu_1_memory_MB": 10,
  "peak_gpu_2_memory_MB": 10,
  "training_duration": "0:13:24.249132",
  "training_start_epoch": 0,
  "training_epochs": 244,
  "epoch": 244,
  "training_precision-overall": 0.9872773536895673,
  "training_recall-overall": 0.9872773536895673,
  "training_f1-measure-overall": 0.9872773536895173,
  "training_loss": 0.007836796883566421,
  "training_cpu_memory_MB": 2963.864,
  "training_gpu_0_memory_MB": 3666,
  "training_gpu_1_memory_MB": 10,
  "training_gpu_2_memory_MB": 10,
  "validation_precision-overall": 0.804347826086956,
  "validation_recall-overall": 0.7399999999999995,
  "validation_f1-measure-overall": 0.770833333333283,
  "validation_loss": 1.2838034629821777,
  "best_validation_precision-overall": 0.8248587570621464,
  "best_validation_recall-overall": 0.7299999999999995,
  "best_validation_f1-measure-overall": 0.7745358090185174,
  "best_validation_loss": 1.2552558183670044
}