{
  "best_epoch": 73,
  "peak_cpu_memory_MB": 2963.864,
  "peak_gpu_0_memory_MB": 3666,
  "peak_gpu_1_memory_MB": 10,
  "peak_gpu_2_memory_MB": 10,
  "training_duration": "0:04:23.538066",
  "training_start_epoch": 0,
  "training_epochs": 79,
  "epoch": 79,
  "training_precision-overall": 0.9665809768637531,
  "training_recall-overall": 0.9567430025445292,
  "training_f1-measure-overall": 0.9616368286444511,
  "training_loss": 0.038519754525623284,
  "training_cpu_memory_MB": 2963.864,
  "training_gpu_0_memory_MB": 3666,
  "training_gpu_1_memory_MB": 10,
  "training_gpu_2_memory_MB": 10,
  "validation_precision-overall": 0.738916256157635,
  "validation_recall-overall": 0.7499999999999996,
  "validation_f1-measure-overall": 0.7444168734490811,
  "validation_loss": 0.7302271127700806,
  "best_validation_precision-overall": 0.7860962566844915,
  "best_validation_recall-overall": 0.7349999999999995,
  "best_validation_f1-measure-overall": 0.7596899224805697,
  "best_validation_loss": 0.8098266124725342
}