{
  "best_epoch": 46,
  "peak_cpu_memory_MB": 2963.864,
  "peak_gpu_0_memory_MB": 3666,
  "peak_gpu_1_memory_MB": 10,
  "peak_gpu_2_memory_MB": 10,
  "training_duration": "0:03:28.995756",
  "training_start_epoch": 0,
  "training_epochs": 62,
  "epoch": 62,
  "training_precision-overall": 0.9279891304347825,
  "training_recall-overall": 0.8689567430025444,
  "training_f1-measure-overall": 0.897503285151067,
  "training_loss": 0.08754629187751561,
  "training_cpu_memory_MB": 2963.864,
  "training_gpu_0_memory_MB": 3666,
  "training_gpu_1_memory_MB": 10,
  "training_gpu_2_memory_MB": 10,
  "validation_precision-overall": 0.6912442396313361,
  "validation_recall-overall": 0.7499999999999996,
  "validation_f1-measure-overall": 0.7194244604316045,
  "validation_loss": 0.6008632779121399,
  "best_validation_precision-overall": 0.8139534883720925,
  "best_validation_recall-overall": 0.6999999999999996,
  "best_validation_f1-measure-overall": 0.7526881720429607,
  "best_validation_loss": 0.48545584082603455
}