{
  "best_epoch": 46,
  "peak_cpu_memory_MB": 2963.864,
  "peak_gpu_0_memory_MB": 3666,
  "peak_gpu_1_memory_MB": 10,
  "peak_gpu_2_memory_MB": 10,
  "training_duration": "0:03:25.810731",
  "training_start_epoch": 0,
  "training_epochs": 61,
  "epoch": 61,
  "training_precision-overall": 0.8993464052287581,
  "training_recall-overall": 0.8753180661577606,
  "training_f1-measure-overall": 0.8871695680205818,
  "training_loss": 0.09913593390956521,
  "training_cpu_memory_MB": 2963.864,
  "training_gpu_0_memory_MB": 3666,
  "training_gpu_1_memory_MB": 10,
  "training_gpu_2_memory_MB": 10,
  "validation_precision-overall": 0.8389261744966436,
  "validation_recall-overall": 0.6249999999999997,
  "validation_f1-measure-overall": 0.7163323782234463,
  "validation_loss": 0.6002147197723389,
  "best_validation_precision-overall": 0.8139534883720925,
  "best_validation_recall-overall": 0.6999999999999996,
  "best_validation_f1-measure-overall": 0.7526881720429607,
  "best_validation_loss": 0.48545584082603455
}