{
  "best_epoch": 123,
  "peak_cpu_memory_MB": 2963.864,
  "peak_gpu_0_memory_MB": 3666,
  "peak_gpu_1_memory_MB": 10,
  "peak_gpu_2_memory_MB": 10,
  "training_duration": "0:07:34.732911",
  "training_start_epoch": 0,
  "training_epochs": 138,
  "epoch": 138,
  "training_precision-overall": 0.8821705426356587,
  "training_recall-overall": 0.7239185750636131,
  "training_f1-measure-overall": 0.7952480782668966,
  "training_loss": 0.23573769722133875,
  "training_cpu_memory_MB": 2963.864,
  "training_gpu_0_memory_MB": 3666,
  "training_gpu_1_memory_MB": 10,
  "training_gpu_2_memory_MB": 10,
  "validation_precision-overall": 0.65296803652968,
  "validation_recall-overall": 0.7149999999999996,
  "validation_f1-measure-overall": 0.6825775656324081,
  "validation_loss": 0.8005954027175903,
  "best_validation_precision-overall": 0.8166666666666661,
  "best_validation_recall-overall": 0.7349999999999995,
  "best_validation_f1-measure-overall": 0.7736842105262655,
  "best_validation_loss": 0.9223098158836365
}