{
  "best_epoch": 90,
  "peak_cpu_memory_MB": 2963.864,
  "peak_gpu_0_memory_MB": 3666,
  "peak_gpu_1_memory_MB": 10,
  "peak_gpu_2_memory_MB": 10,
  "training_duration": "0:05:37.219508",
  "training_start_epoch": 0,
  "training_epochs": 102,
  "epoch": 102,
  "training_precision-overall": 0.9795918367346937,
  "training_recall-overall": 0.9770992366412212,
  "training_f1-measure-overall": 0.9783439490445359,
  "training_loss": 0.016166592662557377,
  "training_cpu_memory_MB": 2963.864,
  "training_gpu_0_memory_MB": 3666,
  "training_gpu_1_memory_MB": 10,
  "training_gpu_2_memory_MB": 10,
  "validation_precision-overall": 0.7720207253886006,
  "validation_recall-overall": 0.7449999999999996,
  "validation_f1-measure-overall": 0.7582697201017308,
  "validation_loss": 0.8545049428939819,
  "best_validation_precision-overall": 0.784210526315789,
  "best_validation_recall-overall": 0.7449999999999996,
  "best_validation_f1-measure-overall": 0.7641025641025138,
  "best_validation_loss": 0.7732226252555847
}