{
  "best_epoch": 112,
  "peak_cpu_memory_MB": 2963.864,
  "peak_gpu_0_memory_MB": 3666,
  "peak_gpu_1_memory_MB": 10,
  "peak_gpu_2_memory_MB": 10,
  "training_duration": "0:06:17.147589",
  "training_start_epoch": 0,
  "training_epochs": 114,
  "epoch": 114,
  "training_precision-overall": 0.9821200510855682,
  "training_recall-overall": 0.9783715012722645,
  "training_f1-measure-overall": 0.9802421924792362,
  "training_loss": 0.014603424559936684,
  "training_cpu_memory_MB": 2963.864,
  "training_gpu_0_memory_MB": 3666,
  "training_gpu_1_memory_MB": 10,
  "training_gpu_2_memory_MB": 10,
  "validation_precision-overall": 0.7883597883597879,
  "validation_recall-overall": 0.7449999999999996,
  "validation_f1-measure-overall": 0.7660668380462221,
  "validation_loss": 0.9343949556350708,
  "best_validation_precision-overall": 0.8076923076923072,
  "best_validation_recall-overall": 0.7349999999999995,
  "best_validation_f1-measure-overall": 0.7696335078533528,
  "best_validation_loss": 0.8769144415855408
}