{
  "best_epoch": 239,
  "peak_cpu_memory_MB": 2963.864,
  "peak_gpu_0_memory_MB": 3666,
  "peak_gpu_1_memory_MB": 10,
  "peak_gpu_2_memory_MB": 10,
  "training_duration": "0:13:17.757390",
  "training_start_epoch": 0,
  "training_epochs": 242,
  "epoch": 242,
  "training_precision-overall": 0.9834815756035576,
  "training_recall-overall": 0.9847328244274808,
  "training_f1-measure-overall": 0.9841068022885703,
  "training_loss": 0.008388051339352387,
  "training_cpu_memory_MB": 2963.864,
  "training_gpu_0_memory_MB": 3666,
  "training_gpu_1_memory_MB": 10,
  "training_gpu_2_memory_MB": 10,
  "validation_precision-overall": 0.8121546961325962,
  "validation_recall-overall": 0.7349999999999995,
  "validation_f1-measure-overall": 0.7716535433070364,
  "validation_loss": 1.2396705150604248,
  "best_validation_precision-overall": 0.8248587570621464,
  "best_validation_recall-overall": 0.7299999999999995,
  "best_validation_f1-measure-overall": 0.7745358090185174,
  "best_validation_loss": 1.2552558183670044
}