{
  "best_epoch": 123,
  "peak_cpu_memory_MB": 2963.864,
  "peak_gpu_0_memory_MB": 3666,
  "peak_gpu_1_memory_MB": 10,
  "peak_gpu_2_memory_MB": 10,
  "training_duration": "0:10:41.905629",
  "training_start_epoch": 0,
  "training_epochs": 195,
  "epoch": 195,
  "training_precision-overall": 0.9846350832266324,
  "training_recall-overall": 0.9783715012722645,
  "training_f1-measure-overall": 0.9814932992979716,
  "training_loss": 0.009599715662261588,
  "training_cpu_memory_MB": 2963.864,
  "training_gpu_0_memory_MB": 3666,
  "training_gpu_1_memory_MB": 10,
  "training_gpu_2_memory_MB": 10,
  "validation_precision-overall": 0.7999999999999995,
  "validation_recall-overall": 0.7199999999999996,
  "validation_f1-measure-overall": 0.757894736842055,
  "validation_loss": 1.15165376663208,
  "best_validation_precision-overall": 0.8166666666666661,
  "best_validation_recall-overall": 0.7349999999999995,
  "best_validation_f1-measure-overall": 0.7736842105262655,
  "best_validation_loss": 0.9223098158836365
}