{
  "best_epoch": 46,
  "peak_cpu_memory_MB": 2963.864,
  "peak_gpu_0_memory_MB": 3666,
  "peak_gpu_1_memory_MB": 10,
  "peak_gpu_2_memory_MB": 10,
  "training_duration": "0:03:06.868026",
  "training_start_epoch": 0,
  "training_epochs": 55,
  "epoch": 55,
  "training_precision-overall": 0.43425605536332174,
  "training_recall-overall": 0.31933842239185745,
  "training_f1-measure-overall": 0.3680351906157869,
  "training_loss": 0.7792401909828186,
  "training_cpu_memory_MB": 2963.864,
  "training_gpu_0_memory_MB": 3666,
  "training_gpu_1_memory_MB": 10,
  "training_gpu_2_memory_MB": 10,
  "validation_precision-overall": 0.5238095238095235,
  "validation_recall-overall": 0.6049999999999996,
  "validation_f1-measure-overall": 0.5614849187934534,
  "validation_loss": 0.5875149369239807,
  "best_validation_precision-overall": 0.8139534883720925,
  "best_validation_recall-overall": 0.6999999999999996,
  "best_validation_f1-measure-overall": 0.7526881720429607,
  "best_validation_loss": 0.48545584082603455
}