{
  "best_epoch": 262,
  "peak_cpu_memory_MB": 2963.864,
  "peak_gpu_0_memory_MB": 3666,
  "peak_gpu_1_memory_MB": 10,
  "peak_gpu_2_memory_MB": 10,
  "training_duration": "0:18:35.466486",
  "training_start_epoch": 0,
  "training_epochs": 342,
  "epoch": 342,
  "training_precision-overall": 0.9860583016476551,
  "training_recall-overall": 0.9898218829516539,
  "training_f1-measure-overall": 0.9879365079364579,
  "training_loss": 0.007841419518626935,
  "training_cpu_memory_MB": 2963.864,
  "training_gpu_0_memory_MB": 3666,
  "training_gpu_1_memory_MB": 10,
  "training_gpu_2_memory_MB": 10,
  "validation_precision-overall": 0.7777777777777773,
  "validation_recall-overall": 0.7349999999999995,
  "validation_f1-measure-overall": 0.7557840616966077,
  "validation_loss": 1.1353994607925415,
  "best_validation_precision-overall": 0.8118279569892468,
  "best_validation_recall-overall": 0.7549999999999996,
  "best_validation_f1-measure-overall": 0.7823834196890688,
  "best_validation_loss": 1.2544240951538086
}