{
  "best_epoch": 249,
  "peak_cpu_memory_MB": 2963.864,
  "peak_gpu_0_memory_MB": 3666,
  "peak_gpu_1_memory_MB": 10,
  "peak_gpu_2_memory_MB": 10,
  "training_duration": "0:14:17.872153",
  "training_start_epoch": 0,
  "training_epochs": 260,
  "epoch": 260,
  "training_precision-overall": 0.9885057471264367,
  "training_recall-overall": 0.9847328244274808,
  "training_f1-measure-overall": 0.9866156787762406,
  "training_loss": 0.007952960937473108,
  "training_cpu_memory_MB": 2963.864,
  "training_gpu_0_memory_MB": 3666,
  "training_gpu_1_memory_MB": 10,
  "training_gpu_2_memory_MB": 10,
  "validation_precision-overall": 0.8097826086956517,
  "validation_recall-overall": 0.7449999999999996,
  "validation_f1-measure-overall": 0.7760416666666164,
  "validation_loss": 1.3000303506851196,
  "best_validation_precision-overall": 0.8042328042328037,
  "best_validation_recall-overall": 0.7599999999999996,
  "best_validation_f1-measure-overall": 0.7814910025706437,
  "best_validation_loss": 1.2655894756317139
}