{
  "best_epoch": 118,
  "peak_cpu_memory_MB": 2963.864,
  "peak_gpu_0_memory_MB": 3666,
  "peak_gpu_1_memory_MB": 10,
  "peak_gpu_2_memory_MB": 10,
  "training_duration": "0:06:40.032225",
  "training_start_epoch": 0,
  "training_epochs": 121,
  "epoch": 121,
  "training_precision-overall": 0.9846743295019156,
  "training_recall-overall": 0.9809160305343511,
  "training_f1-measure-overall": 0.9827915869980378,
  "training_loss": 0.013338278404262383,
  "training_cpu_memory_MB": 2963.864,
  "training_gpu_0_memory_MB": 3666,
  "training_gpu_1_memory_MB": 10,
  "training_gpu_2_memory_MB": 10,
  "validation_precision-overall": 0.7748691099476435,
  "validation_recall-overall": 0.7399999999999995,
  "validation_f1-measure-overall": 0.757033248081791,
  "validation_loss": 0.9830372333526611,
  "best_validation_precision-overall": 0.7967914438502669,
  "best_validation_recall-overall": 0.7449999999999996,
  "best_validation_f1-measure-overall": 0.7700258397932312,
  "best_validation_loss": 0.9001166820526123
}