{
  "best_epoch": 46,
  "peak_cpu_memory_MB": 2963.864,
  "peak_gpu_0_memory_MB": 3666,
  "peak_gpu_1_memory_MB": 10,
  "peak_gpu_2_memory_MB": 10,
  "training_duration": "0:03:35.304522",
  "training_start_epoch": 0,
  "training_epochs": 64,
  "epoch": 64,
  "training_precision-overall": 0.9179687499999999,
  "training_recall-overall": 0.8969465648854961,
  "training_f1-measure-overall": 0.9073359073358572,
  "training_loss": 0.08323685429058969,
  "training_cpu_memory_MB": 2963.864,
  "training_gpu_0_memory_MB": 3666,
  "training_gpu_1_memory_MB": 10,
  "training_gpu_2_memory_MB": 10,
  "validation_precision-overall": 0.7349999999999995,
  "validation_recall-overall": 0.7349999999999995,
  "validation_f1-measure-overall": 0.7349999999999496,
  "validation_loss": 0.5620105862617493,
  "best_validation_precision-overall": 0.8139534883720925,
  "best_validation_recall-overall": 0.6999999999999996,
  "best_validation_f1-measure-overall": 0.7526881720429607,
  "best_validation_loss": 0.48545584082603455
}