{
  "best_epoch": 90,
  "peak_cpu_memory_MB": 2963.864,
  "peak_gpu_0_memory_MB": 3666,
  "peak_gpu_1_memory_MB": 10,
  "peak_gpu_2_memory_MB": 10,
  "training_duration": "0:04:58.452223",
  "training_start_epoch": 0,
  "training_epochs": 90,
  "epoch": 90,
  "training_precision-overall": 0.9695817490494295,
  "training_recall-overall": 0.9732824427480915,
  "training_f1-measure-overall": 0.9714285714285212,
  "training_loss": 0.0214954638540803,
  "training_cpu_memory_MB": 2963.864,
  "training_gpu_0_memory_MB": 3666,
  "training_gpu_1_memory_MB": 10,
  "training_gpu_2_memory_MB": 10,
  "validation_precision-overall": 0.784210526315789,
  "validation_recall-overall": 0.7449999999999996,
  "validation_f1-measure-overall": 0.7641025641025138,
  "validation_loss": 0.7732226252555847,
  "best_validation_precision-overall": 0.784210526315789,
  "best_validation_recall-overall": 0.7449999999999996,
  "best_validation_f1-measure-overall": 0.7641025641025138,
  "best_validation_loss": 0.7732226252555847
}