{
  "best_epoch": 46,
  "peak_cpu_memory_MB": 2963.864,
  "peak_gpu_0_memory_MB": 3666,
  "peak_gpu_1_memory_MB": 10,
  "peak_gpu_2_memory_MB": 10,
  "training_duration": "0:03:03.518355",
  "training_start_epoch": 0,
  "training_epochs": 54,
  "epoch": 54,
  "training_precision-overall": 0.7430379746835442,
  "training_recall-overall": 0.7468193384223918,
  "training_f1-measure-overall": 0.7449238578679702,
  "training_loss": 0.264772767201066,
  "training_cpu_memory_MB": 2963.864,
  "training_gpu_0_memory_MB": 3666,
  "training_gpu_1_memory_MB": 10,
  "training_gpu_2_memory_MB": 10,
  "validation_precision-overall": 0.3173076923076921,
  "validation_recall-overall": 0.3299999999999998,
  "validation_f1-measure-overall": 0.3235294117646557,
  "validation_loss": 1.060157299041748,
  "best_validation_precision-overall": 0.8139534883720925,
  "best_validation_recall-overall": 0.6999999999999996,
  "best_validation_f1-measure-overall": 0.7526881720429607,
  "best_validation_loss": 0.48545584082603455
}