{
  "best_epoch": 39,
  "peak_cpu_memory_MB": 2963.864,
  "peak_gpu_0_memory_MB": 3666,
  "peak_gpu_1_memory_MB": 10,
  "peak_gpu_2_memory_MB": 10,
  "training_duration": "0:02:17.708785",
  "training_start_epoch": 0,
  "training_epochs": 40,
  "epoch": 40,
  "training_precision-overall": 0.8390177353342427,
  "training_recall-overall": 0.782442748091603,
  "training_f1-measure-overall": 0.8097432521395155,
  "training_loss": 0.16951076546683908,
  "training_cpu_memory_MB": 2963.864,
  "training_gpu_0_memory_MB": 3666,
  "training_gpu_1_memory_MB": 10,
  "training_gpu_2_memory_MB": 10,
  "validation_precision-overall": 0.7870967741935478,
  "validation_recall-overall": 0.6099999999999997,
  "validation_f1-measure-overall": 0.6873239436619223,
  "validation_loss": 0.48821526765823364,
  "best_validation_precision-overall": 0.7814207650273219,
  "best_validation_recall-overall": 0.7149999999999996,
  "best_validation_f1-measure-overall": 0.7467362924281482,
  "best_validation_loss": 0.39572542905807495
}