{
  "best_epoch": 262,
  "peak_cpu_memory_MB": 2963.864,
  "peak_gpu_0_memory_MB": 3668,
  "peak_gpu_1_memory_MB": 10,
  "peak_gpu_2_memory_MB": 10,
  "training_duration": "0:21:03.029764",
  "training_start_epoch": 0,
  "training_epochs": 389,
  "epoch": 389,
  "training_precision-overall": 0.9935897435897434,
  "training_recall-overall": 0.986005089058524,
  "training_f1-measure-overall": 0.9897828863345605,
  "training_loss": 0.007019620841674623,
  "training_cpu_memory_MB": 2963.864,
  "training_gpu_0_memory_MB": 3668,
  "training_gpu_1_memory_MB": 10,
  "training_gpu_2_memory_MB": 10,
  "validation_precision-overall": 0.7668393782383415,
  "validation_recall-overall": 0.7399999999999995,
  "validation_f1-measure-overall": 0.7531806615775578,
  "validation_loss": 1.2868455648422241,
  "best_validation_precision-overall": 0.8118279569892468,
  "best_validation_recall-overall": 0.7549999999999996,
  "best_validation_f1-measure-overall": 0.7823834196890688,
  "best_validation_loss": 1.2544240951538086
}