{
  "best_epoch": 123,
  "peak_cpu_memory_MB": 2963.864,
  "peak_gpu_0_memory_MB": 3666,
  "peak_gpu_1_memory_MB": 10,
  "peak_gpu_2_memory_MB": 10,
  "training_duration": "0:12:14.483531",
  "training_start_epoch": 0,
  "training_epochs": 223,
  "epoch": 223,
  "training_precision-overall": 0.982142857142857,
  "training_recall-overall": 0.9796437659033077,
  "training_f1-measure-overall": 0.9808917197451728,
  "training_loss": 0.010159865224522946,
  "training_cpu_memory_MB": 2963.864,
  "training_gpu_0_memory_MB": 3666,
  "training_gpu_1_memory_MB": 10,
  "training_gpu_2_memory_MB": 10,
  "validation_precision-overall": 0.8076923076923072,
  "validation_recall-overall": 0.7349999999999995,
  "validation_f1-measure-overall": 0.7696335078533528,
  "validation_loss": 1.1422721147537231,
  "best_validation_precision-overall": 0.8166666666666661,
  "best_validation_recall-overall": 0.7349999999999995,
  "best_validation_f1-measure-overall": 0.7736842105262655,
  "best_validation_loss": 0.9223098158836365
}