{
  "best_epoch": 123,
  "peak_cpu_memory_MB": 2963.864,
  "peak_gpu_0_memory_MB": 3666,
  "peak_gpu_1_memory_MB": 10,
  "peak_gpu_2_memory_MB": 10,
  "training_duration": "0:08:41.417665",
  "training_start_epoch": 0,
  "training_epochs": 159,
  "epoch": 159,
  "training_precision-overall": 0.980964467005076,
  "training_recall-overall": 0.9834605597964375,
  "training_f1-measure-overall": 0.9822109275730122,
  "training_loss": 0.013055653525952948,
  "training_cpu_memory_MB": 2963.864,
  "training_gpu_0_memory_MB": 3666,
  "training_gpu_1_memory_MB": 10,
  "training_gpu_2_memory_MB": 10,
  "validation_precision-overall": 0.8033707865168535,
  "validation_recall-overall": 0.7149999999999996,
  "validation_f1-measure-overall": 0.7566137566137066,
  "validation_loss": 0.9753821492195129,
  "best_validation_precision-overall": 0.8166666666666661,
  "best_validation_recall-overall": 0.7349999999999995,
  "best_validation_f1-measure-overall": 0.7736842105262655,
  "best_validation_loss": 0.9223098158836365
}