{
  "best_epoch": 262,
  "peak_cpu_memory_MB": 2963.864,
  "peak_gpu_0_memory_MB": 3666,
  "peak_gpu_1_memory_MB": 10,
  "peak_gpu_2_memory_MB": 10,
  "training_duration": "0:16:04.732666",
  "training_start_epoch": 0,
  "training_epochs": 294,
  "epoch": 294,
  "training_precision-overall": 0.991060025542784,
  "training_recall-overall": 0.9872773536895673,
  "training_f1-measure-overall": 0.9891650732950423,
  "training_loss": 0.007252079327372485,
  "training_cpu_memory_MB": 2963.864,
  "training_gpu_0_memory_MB": 3666,
  "training_gpu_1_memory_MB": 10,
  "training_gpu_2_memory_MB": 10,
  "validation_precision-overall": 0.8285714285714281,
  "validation_recall-overall": 0.7249999999999995,
  "validation_f1-measure-overall": 0.7733333333332831,
  "validation_loss": 1.4484665393829346,
  "best_validation_precision-overall": 0.8118279569892468,
  "best_validation_recall-overall": 0.7549999999999996,
  "best_validation_f1-measure-overall": 0.7823834196890688,
  "best_validation_loss": 1.2544240951538086
}