{
  "best_epoch": 123,
  "peak_cpu_memory_MB": 2963.864,
  "peak_gpu_0_memory_MB": 3666,
  "peak_gpu_1_memory_MB": 10,
  "peak_gpu_2_memory_MB": 10,
  "training_duration": "0:09:28.467308",
  "training_start_epoch": 0,
  "training_epochs": 173,
  "epoch": 173,
  "training_precision-overall": 0.9847715736040608,
  "training_recall-overall": 0.9872773536895673,
  "training_f1-measure-overall": 0.9860228716644988,
  "training_loss": 0.010457235781359486,
  "training_cpu_memory_MB": 2963.864,
  "training_gpu_0_memory_MB": 3666,
  "training_gpu_1_memory_MB": 10,
  "training_gpu_2_memory_MB": 10,
  "validation_precision-overall": 0.7849462365591393,
  "validation_recall-overall": 0.7299999999999995,
  "validation_f1-measure-overall": 0.7564766839377736,
  "validation_loss": 1.0379767417907715,
  "best_validation_precision-overall": 0.8166666666666661,
  "best_validation_recall-overall": 0.7349999999999995,
  "best_validation_f1-measure-overall": 0.7736842105262655,
  "best_validation_loss": 0.9223098158836365
}