{
  "best_epoch": 262,
  "peak_cpu_memory_MB": 2963.864,
  "peak_gpu_0_memory_MB": 3666,
  "peak_gpu_1_memory_MB": 10,
  "peak_gpu_2_memory_MB": 10,
  "training_duration": "0:19:28.884694",
  "training_start_epoch": 0,
  "training_epochs": 359,
  "epoch": 359,
  "training_precision-overall": 0.9910371318822022,
  "training_recall-overall": 0.9847328244274808,
  "training_f1-measure-overall": 0.9878749202296883,
  "training_loss": 0.006940962961380137,
  "training_cpu_memory_MB": 2963.864,
  "training_gpu_0_memory_MB": 3666,
  "training_gpu_1_memory_MB": 10,
  "training_gpu_2_memory_MB": 10,
  "validation_precision-overall": 0.7668393782383415,
  "validation_recall-overall": 0.7399999999999995,
  "validation_f1-measure-overall": 0.7531806615775578,
  "validation_loss": 1.2129113674163818,
  "best_validation_precision-overall": 0.8118279569892468,
  "best_validation_recall-overall": 0.7549999999999996,
  "best_validation_f1-measure-overall": 0.7823834196890688,
  "best_validation_loss": 1.2544240951538086
}