{
  "best_epoch": 123,
  "peak_cpu_memory_MB": 2963.864,
  "peak_gpu_0_memory_MB": 3666,
  "peak_gpu_1_memory_MB": 10,
  "peak_gpu_2_memory_MB": 10,
  "training_duration": "0:12:25.062506",
  "training_start_epoch": 0,
  "training_epochs": 226,
  "epoch": 226,
  "training_precision-overall": 0.9846547314578004,
  "training_recall-overall": 0.9796437659033077,
  "training_f1-measure-overall": 0.9821428571428069,
  "training_loss": 0.008956722514994908,
  "training_cpu_memory_MB": 2963.864,
  "training_gpu_0_memory_MB": 3666,
  "training_gpu_1_memory_MB": 10,
  "training_gpu_2_memory_MB": 10,
  "validation_precision-overall": 0.8032786885245896,
  "validation_recall-overall": 0.7349999999999995,
  "validation_f1-measure-overall": 0.767624020887678,
  "validation_loss": 1.1942095756530762,
  "best_validation_precision-overall": 0.8166666666666661,
  "best_validation_recall-overall": 0.7349999999999995,
  "best_validation_f1-measure-overall": 0.7736842105262655,
  "best_validation_loss": 0.9223098158836365
}