{
  "best_epoch": 39,
  "peak_cpu_memory_MB": 2963.864,
  "peak_gpu_0_memory_MB": 3666,
  "peak_gpu_1_memory_MB": 10,
  "peak_gpu_2_memory_MB": 10,
  "training_duration": "0:02:24.043380",
  "training_start_epoch": 0,
  "training_epochs": 42,
  "epoch": 42,
  "training_precision-overall": 0.8367647058823529,
  "training_recall-overall": 0.7239185750636131,
  "training_f1-measure-overall": 0.7762619372441522,
  "training_loss": 0.1872983379289508,
  "training_cpu_memory_MB": 2963.864,
  "training_gpu_0_memory_MB": 3666,
  "training_gpu_1_memory_MB": 10,
  "training_gpu_2_memory_MB": 10,
  "validation_precision-overall": 0.7072072072072069,
  "validation_recall-overall": 0.7849999999999996,
  "validation_f1-measure-overall": 0.744075829383836,
  "validation_loss": 0.3893358111381531,
  "best_validation_precision-overall": 0.7814207650273219,
  "best_validation_recall-overall": 0.7149999999999996,
  "best_validation_f1-measure-overall": 0.7467362924281482,
  "best_validation_loss": 0.39572542905807495
}