{
  "best_epoch": 262,
  "peak_cpu_memory_MB": 2963.864,
  "peak_gpu_0_memory_MB": 3666,
  "peak_gpu_1_memory_MB": 10,
  "peak_gpu_2_memory_MB": 10,
  "training_duration": "0:17:39.196798",
  "training_start_epoch": 0,
  "training_epochs": 324,
  "epoch": 324,
  "training_precision-overall": 0.9898089171974521,
  "training_recall-overall": 0.9885496183206105,
  "training_f1-measure-overall": 0.9891788669636673,
  "training_loss": 0.006885642908855516,
  "training_cpu_memory_MB": 2963.864,
  "training_gpu_0_memory_MB": 3666,
  "training_gpu_1_memory_MB": 10,
  "training_gpu_2_memory_MB": 10,
  "validation_precision-overall": 0.8021978021978017,
  "validation_recall-overall": 0.7299999999999995,
  "validation_f1-measure-overall": 0.7643979057591119,
  "validation_loss": 1.5310766696929932,
  "best_validation_precision-overall": 0.8118279569892468,
  "best_validation_recall-overall": 0.7549999999999996,
  "best_validation_f1-measure-overall": 0.7823834196890688,
  "best_validation_loss": 1.2544240951538086
}