{
  "best_epoch": 123,
  "peak_cpu_memory_MB": 2963.864,
  "peak_gpu_0_memory_MB": 3666,
  "peak_gpu_1_memory_MB": 10,
  "peak_gpu_2_memory_MB": 10,
  "training_duration": "0:12:21.912702",
  "training_start_epoch": 0,
  "training_epochs": 225,
  "epoch": 225,
  "training_precision-overall": 0.9923273657289001,
  "training_recall-overall": 0.9872773536895673,
  "training_f1-measure-overall": 0.9897959183672967,
  "training_loss": 0.007673560439798166,
  "training_cpu_memory_MB": 2963.864,
  "training_gpu_0_memory_MB": 3666,
  "training_gpu_1_memory_MB": 10,
  "training_gpu_2_memory_MB": 10,
  "validation_precision-overall": 0.804347826086956,
  "validation_recall-overall": 0.7399999999999995,
  "validation_f1-measure-overall": 0.770833333333283,
  "validation_loss": 1.1757242679595947,
  "best_validation_precision-overall": 0.8166666666666661,
  "best_validation_recall-overall": 0.7349999999999995,
  "best_validation_f1-measure-overall": 0.7736842105262655,
  "best_validation_loss": 0.9223098158836365
}