{
  "best_epoch": 26,
  "peak_cpu_memory_MB": 2963.864,
  "peak_gpu_0_memory_MB": 3666,
  "peak_gpu_1_memory_MB": 10,
  "peak_gpu_2_memory_MB": 10,
  "training_duration": "0:01:37.481111",
  "training_start_epoch": 0,
  "training_epochs": 28,
  "epoch": 28,
  "training_precision-overall": 0.7645211930926216,
  "training_recall-overall": 0.6195928753180661,
  "training_f1-measure-overall": 0.6844694307799927,
  "training_loss": 0.2620335668325424,
  "training_cpu_memory_MB": 2963.864,
  "training_gpu_0_memory_MB": 3666,
  "training_gpu_1_memory_MB": 10,
  "training_gpu_2_memory_MB": 10,
  "validation_precision-overall": 0.5879999999999997,
  "validation_recall-overall": 0.7349999999999995,
  "validation_f1-measure-overall": 0.6533333333332837,
  "validation_loss": 0.44871070981025696,
  "best_validation_precision-overall": 0.7624999999999995,
  "best_validation_recall-overall": 0.6099999999999997,
  "best_validation_f1-measure-overall": 0.6777777777777281,
  "best_validation_loss": 0.39371591806411743
}