{
  "best_epoch": 29,
  "peak_cpu_memory_MB": 2963.864,
  "peak_gpu_0_memory_MB": 3666,
  "peak_gpu_1_memory_MB": 10,
  "peak_gpu_2_memory_MB": 10,
  "training_duration": "0:01:44.570372",
  "training_start_epoch": 0,
  "training_epochs": 30,
  "epoch": 30,
  "training_precision-overall": 0.7590187590187589,
  "training_recall-overall": 0.6692111959287531,
  "training_f1-measure-overall": 0.711291413116921,
  "training_loss": 0.23867238126695156,
  "training_cpu_memory_MB": 2963.864,
  "training_gpu_0_memory_MB": 3666,
  "training_gpu_1_memory_MB": 10,
  "training_gpu_2_memory_MB": 10,
  "validation_precision-overall": 0.7455621301775143,
  "validation_recall-overall": 0.6299999999999997,
  "validation_f1-measure-overall": 0.6829268292682427,
  "validation_loss": 0.4291926324367523,
  "best_validation_precision-overall": 0.7874999999999994,
  "best_validation_recall-overall": 0.6299999999999997,
  "best_validation_f1-measure-overall": 0.6999999999999502,
  "best_validation_loss": 0.4069182574748993
}