{
  "best_epoch": 123,
  "peak_cpu_memory_MB": 2963.864,
  "peak_gpu_0_memory_MB": 3666,
  "peak_gpu_1_memory_MB": 10,
  "peak_gpu_2_memory_MB": 10,
  "training_duration": "0:09:52.252192",
  "training_start_epoch": 0,
  "training_epochs": 180,
  "epoch": 180,
  "training_precision-overall": 0.9846938775510202,
  "training_recall-overall": 0.9821882951653943,
  "training_f1-measure-overall": 0.9834394904458098,
  "training_loss": 0.009178099264318007,
  "training_cpu_memory_MB": 2963.864,
  "training_gpu_0_memory_MB": 3666,
  "training_gpu_1_memory_MB": 10,
  "training_gpu_2_memory_MB": 10,
  "validation_precision-overall": 0.7955801104972371,
  "validation_recall-overall": 0.7199999999999996,
  "validation_f1-measure-overall": 0.7559055118109734,
  "validation_loss": 1.1337403059005737,
  "best_validation_precision-overall": 0.8166666666666661,
  "best_validation_recall-overall": 0.7349999999999995,
  "best_validation_f1-measure-overall": 0.7736842105262655,
  "best_validation_loss": 0.9223098158836365
}