{
  "best_epoch": 46,
  "peak_cpu_memory_MB": 2963.864,
  "peak_gpu_0_memory_MB": 3666,
  "peak_gpu_1_memory_MB": 10,
  "peak_gpu_2_memory_MB": 10,
  "training_duration": "0:02:57.222816",
  "training_start_epoch": 0,
  "training_epochs": 52,
  "epoch": 52,
  "training_precision-overall": 0.8958868894601542,
  "training_recall-overall": 0.88676844783715,
  "training_f1-measure-overall": 0.8913043478260368,
  "training_loss": 0.09401490236632526,
  "training_cpu_memory_MB": 2963.864,
  "training_gpu_0_memory_MB": 3666,
  "training_gpu_1_memory_MB": 10,
  "training_gpu_2_memory_MB": 10,
  "validation_precision-overall": 0.8260869565217386,
  "validation_recall-overall": 0.6649999999999996,
  "validation_f1-measure-overall": 0.7368421052631081,
  "validation_loss": 0.5753064751625061,
  "best_validation_precision-overall": 0.8139534883720925,
  "best_validation_recall-overall": 0.6999999999999996,
  "best_validation_f1-measure-overall": 0.7526881720429607,
  "best_validation_loss": 0.48545584082603455
}