{
  "best_epoch": 90,
  "peak_cpu_memory_MB": 2963.864,
  "peak_gpu_0_memory_MB": 3666,
  "peak_gpu_1_memory_MB": 10,
  "peak_gpu_2_memory_MB": 10,
  "training_duration": "0:05:40.375136",
  "training_start_epoch": 0,
  "training_epochs": 103,
  "epoch": 103,
  "training_precision-overall": 0.9783163265306121,
  "training_recall-overall": 0.975826972010178,
  "training_f1-measure-overall": 0.9770700636942173,
  "training_loss": 0.01754955530304869,
  "training_cpu_memory_MB": 2963.864,
  "training_gpu_0_memory_MB": 3666,
  "training_gpu_1_memory_MB": 10,
  "training_gpu_2_memory_MB": 10,
  "validation_precision-overall": 0.7708333333333329,
  "validation_recall-overall": 0.7399999999999995,
  "validation_f1-measure-overall": 0.7551020408162762,
  "validation_loss": 0.8729386329650879,
  "best_validation_precision-overall": 0.784210526315789,
  "best_validation_recall-overall": 0.7449999999999996,
  "best_validation_f1-measure-overall": 0.7641025641025138,
  "best_validation_loss": 0.7732226252555847
}