{
  "best_epoch": 29,
  "peak_cpu_memory_MB": 2963.864,
  "peak_gpu_0_memory_MB": 3666,
  "peak_gpu_1_memory_MB": 10,
  "peak_gpu_2_memory_MB": 10,
  "training_duration": "0:01:47.764960",
  "training_start_epoch": 0,
  "training_epochs": 31,
  "epoch": 31,
  "training_precision-overall": 0.7621283255086071,
  "training_recall-overall": 0.6195928753180661,
  "training_f1-measure-overall": 0.683508771929775,
  "training_loss": 0.31563930958509445,
  "training_cpu_memory_MB": 2963.864,
  "training_gpu_0_memory_MB": 3666,
  "training_gpu_1_memory_MB": 10,
  "training_gpu_2_memory_MB": 10,
  "validation_precision-overall": 0.8196721311475403,
  "validation_recall-overall": 0.4999999999999997,
  "validation_f1-measure-overall": 0.6211180124223128,
  "validation_loss": 0.3962363302707672,
  "best_validation_precision-overall": 0.7874999999999994,
  "best_validation_recall-overall": 0.6299999999999997,
  "best_validation_f1-measure-overall": 0.6999999999999502,
  "best_validation_loss": 0.4069182574748993
}