{
  "best_epoch": 107,
  "peak_cpu_memory_MB": 2963.864,
  "peak_gpu_0_memory_MB": 3666,
  "peak_gpu_1_memory_MB": 10,
  "peak_gpu_2_memory_MB": 10,
  "training_duration": "0:05:57.472186",
  "training_start_epoch": 0,
  "training_epochs": 108,
  "epoch": 108,
  "training_precision-overall": 0.9846350832266324,
  "training_recall-overall": 0.9783715012722645,
  "training_f1-measure-overall": 0.9814932992979716,
  "training_loss": 0.013465480408740405,
  "training_cpu_memory_MB": 2963.864,
  "training_gpu_0_memory_MB": 3666,
  "training_gpu_1_memory_MB": 10,
  "training_gpu_2_memory_MB": 10,
  "validation_precision-overall": 0.7989130434782604,
  "validation_recall-overall": 0.7349999999999995,
  "validation_f1-measure-overall": 0.7656249999999497,
  "validation_loss": 0.9141480326652527,
  "best_validation_precision-overall": 0.8228571428571423,
  "best_validation_recall-overall": 0.7199999999999996,
  "best_validation_f1-measure-overall": 0.7679999999999498,
  "best_validation_loss": 0.9518737196922302
}