{
  "best_epoch": 105,
  "peak_cpu_memory_MB": 2963.864,
  "peak_gpu_0_memory_MB": 3666,
  "peak_gpu_1_memory_MB": 10,
  "peak_gpu_2_memory_MB": 10,
  "training_duration": "0:05:50.419903",
  "training_start_epoch": 0,
  "training_epochs": 106,
  "epoch": 106,
  "training_precision-overall": 0.9822784810126581,
  "training_recall-overall": 0.9872773536895673,
  "training_f1-measure-overall": 0.9847715736040108,
  "training_loss": 0.013818107988299744,
  "training_cpu_memory_MB": 2963.864,
  "training_gpu_0_memory_MB": 3666,
  "training_gpu_1_memory_MB": 10,
  "training_gpu_2_memory_MB": 10,
  "validation_precision-overall": 0.8079096045197734,
  "validation_recall-overall": 0.7149999999999996,
  "validation_f1-measure-overall": 0.7586206896551221,
  "validation_loss": 0.9042848944664001,
  "best_validation_precision-overall": 0.7956989247311823,
  "best_validation_recall-overall": 0.7399999999999995,
  "best_validation_f1-measure-overall": 0.7668393782382916,
  "best_validation_loss": 0.8998104333877563
}