{
  "best_epoch": 249,
  "peak_cpu_memory_MB": 2963.864,
  "peak_gpu_0_memory_MB": 3666,
  "peak_gpu_1_memory_MB": 10,
  "peak_gpu_2_memory_MB": 10,
  "training_duration": "0:13:45.051794",
  "training_start_epoch": 0,
  "training_epochs": 250,
  "epoch": 250,
  "training_precision-overall": 0.9835234474017742,
  "training_recall-overall": 0.9872773536895673,
  "training_f1-measure-overall": 0.9853968253967753,
  "training_loss": 0.00783328629040625,
  "training_cpu_memory_MB": 2963.864,
  "training_gpu_0_memory_MB": 3666,
  "training_gpu_1_memory_MB": 10,
  "training_gpu_2_memory_MB": 10,
  "validation_precision-overall": 0.8111111111111106,
  "validation_recall-overall": 0.7299999999999995,
  "validation_f1-measure-overall": 0.7684210526315287,
  "validation_loss": 1.3071341514587402,
  "best_validation_precision-overall": 0.8042328042328037,
  "best_validation_recall-overall": 0.7599999999999996,
  "best_validation_f1-measure-overall": 0.7814910025706437,
  "best_validation_loss": 1.2655894756317139
}