{
  "best_epoch": 123,
  "peak_cpu_memory_MB": 2963.864,
  "peak_gpu_0_memory_MB": 3666,
  "peak_gpu_1_memory_MB": 10,
  "peak_gpu_2_memory_MB": 10,
  "training_duration": "0:12:57.902880",
  "training_start_epoch": 0,
  "training_epochs": 236,
  "epoch": 236,
  "training_precision-overall": 0.9772727272727272,
  "training_recall-overall": 0.9847328244274808,
  "training_f1-measure-overall": 0.9809885931558434,
  "training_loss": 0.009597203080375039,
  "training_cpu_memory_MB": 2963.864,
  "training_gpu_0_memory_MB": 3666,
  "training_gpu_1_memory_MB": 10,
  "training_gpu_2_memory_MB": 10,
  "validation_precision-overall": 0.820224719101123,
  "validation_recall-overall": 0.7299999999999995,
  "validation_f1-measure-overall": 0.772486772486722,
  "validation_loss": 1.1973439455032349,
  "best_validation_precision-overall": 0.8166666666666661,
  "best_validation_recall-overall": 0.7349999999999995,
  "best_validation_f1-measure-overall": 0.7736842105262655,
  "best_validation_loss": 0.9223098158836365
}