{
  "best_epoch": 46,
  "peak_cpu_memory_MB": 2963.864,
  "peak_gpu_0_memory_MB": 3666,
  "peak_gpu_1_memory_MB": 10,
  "peak_gpu_2_memory_MB": 10,
  "training_duration": "0:02:50.929575",
  "training_start_epoch": 0,
  "training_epochs": 50,
  "epoch": 50,
  "training_precision-overall": 0.891780821917808,
  "training_recall-overall": 0.8282442748091602,
  "training_f1-measure-overall": 0.858839050131876,
  "training_loss": 0.130988149670884,
  "training_cpu_memory_MB": 2963.864,
  "training_gpu_0_memory_MB": 3666,
  "training_gpu_1_memory_MB": 10,
  "training_gpu_2_memory_MB": 10,
  "validation_precision-overall": 0.7663043478260865,
  "validation_recall-overall": 0.7049999999999996,
  "validation_f1-measure-overall": 0.7343749999999498,
  "validation_loss": 0.5369305610656738,
  "best_validation_precision-overall": 0.8139534883720925,
  "best_validation_recall-overall": 0.6999999999999996,
  "best_validation_f1-measure-overall": 0.7526881720429607,
  "best_validation_loss": 0.48545584082603455
}