{
  "best_epoch": 249,
  "peak_cpu_memory_MB": 2963.864,
  "peak_gpu_0_memory_MB": 3666,
  "peak_gpu_1_memory_MB": 10,
  "peak_gpu_2_memory_MB": 10,
  "training_duration": "0:14:14.718660",
  "training_start_epoch": 0,
  "training_epochs": 259,
  "epoch": 259,
  "training_precision-overall": 0.9846743295019156,
  "training_recall-overall": 0.9809160305343511,
  "training_f1-measure-overall": 0.9827915869980378,
  "training_loss": 0.009801137543945515,
  "training_cpu_memory_MB": 2963.864,
  "training_gpu_0_memory_MB": 3666,
  "training_gpu_1_memory_MB": 10,
  "training_gpu_2_memory_MB": 10,
  "validation_precision-overall": 0.8121546961325962,
  "validation_recall-overall": 0.7349999999999995,
  "validation_f1-measure-overall": 0.7716535433070364,
  "validation_loss": 1.2618342638015747,
  "best_validation_precision-overall": 0.8042328042328037,
  "best_validation_recall-overall": 0.7599999999999996,
  "best_validation_f1-measure-overall": 0.7814910025706437,
  "best_validation_loss": 1.2655894756317139
}