{
  "best_epoch": 33,
  "peak_cpu_memory_MB": 2963.864,
  "peak_gpu_0_memory_MB": 3666,
  "peak_gpu_1_memory_MB": 10,
  "peak_gpu_2_memory_MB": 10,
  "training_duration": "0:02:04.496021",
  "training_start_epoch": 0,
  "training_epochs": 36,
  "epoch": 36,
  "training_precision-overall": 0.8309248554913293,
  "training_recall-overall": 0.7315521628498727,
  "training_f1-measure-overall": 0.7780784844383805,
  "training_loss": 0.18667066656053066,
  "training_cpu_memory_MB": 2963.864,
  "training_gpu_0_memory_MB": 3666,
  "training_gpu_1_memory_MB": 10,
  "training_gpu_2_memory_MB": 10,
  "validation_precision-overall": 0.6593886462882093,
  "validation_recall-overall": 0.7549999999999996,
  "validation_f1-measure-overall": 0.7039627039626538,
  "validation_loss": 0.4702804386615753,
  "best_validation_precision-overall": 0.6919431279620849,
  "best_validation_recall-overall": 0.7299999999999995,
  "best_validation_f1-measure-overall": 0.7104622871045726,
  "best_validation_loss": 0.45349621772766113
}