{
  "best_epoch": 73,
  "peak_cpu_memory_MB": 2963.864,
  "peak_gpu_0_memory_MB": 3666,
  "peak_gpu_1_memory_MB": 10,
  "peak_gpu_2_memory_MB": 10,
  "training_duration": "0:04:10.758837",
  "training_start_epoch": 0,
  "training_epochs": 75,
  "epoch": 75,
  "training_precision-overall": 0.9680306905370842,
  "training_recall-overall": 0.9631043256997454,
  "training_f1-measure-overall": 0.9655612244897458,
  "training_loss": 0.03460814394202316,
  "training_cpu_memory_MB": 2963.864,
  "training_gpu_0_memory_MB": 3666,
  "training_gpu_1_memory_MB": 10,
  "training_gpu_2_memory_MB": 10,
  "validation_precision-overall": 0.7339901477832508,
  "validation_recall-overall": 0.7449999999999996,
  "validation_f1-measure-overall": 0.7394540942927537,
  "validation_loss": 0.7072362303733826,
  "best_validation_precision-overall": 0.7860962566844915,
  "best_validation_recall-overall": 0.7349999999999995,
  "best_validation_f1-measure-overall": 0.7596899224805697,
  "best_validation_loss": 0.8098266124725342
}