{
  "best_epoch": 248,
  "peak_cpu_memory_MB": 2963.864,
  "peak_gpu_0_memory_MB": 3666,
  "peak_gpu_1_memory_MB": 10,
  "peak_gpu_2_memory_MB": 10,
  "training_duration": "0:13:37.401742",
  "training_start_epoch": 0,
  "training_epochs": 248,
  "epoch": 248,
  "training_precision-overall": 0.9859872611464967,
  "training_recall-overall": 0.9847328244274808,
  "training_f1-measure-overall": 0.985359643539097,
  "training_loss": 0.008480125701680663,
  "training_cpu_memory_MB": 2963.864,
  "training_gpu_0_memory_MB": 3666,
  "training_gpu_1_memory_MB": 10,
  "training_gpu_2_memory_MB": 10,
  "validation_precision-overall": 0.8212290502793291,
  "validation_recall-overall": 0.7349999999999995,
  "validation_f1-measure-overall": 0.7757255936674959,
  "validation_loss": 1.2814949750900269,
  "best_validation_precision-overall": 0.8212290502793291,
  "best_validation_recall-overall": 0.7349999999999995,
  "best_validation_f1-measure-overall": 0.7757255936674959,
  "best_validation_loss": 1.2814949750900269
}