{
  "best_epoch": 262,
  "peak_cpu_memory_MB": 2963.864,
  "peak_gpu_0_memory_MB": 3668,
  "peak_gpu_1_memory_MB": 10,
  "peak_gpu_2_memory_MB": 10,
  "training_duration": "0:21:24.989157",
  "training_start_epoch": 0,
  "training_epochs": 396,
  "epoch": 396,
  "training_precision-overall": 0.986005089058524,
  "training_recall-overall": 0.986005089058524,
  "training_f1-measure-overall": 0.9860050890584741,
  "training_loss": 0.007396210127808445,
  "training_cpu_memory_MB": 2963.864,
  "training_gpu_0_memory_MB": 3668,
  "training_gpu_1_memory_MB": 10,
  "training_gpu_2_memory_MB": 10,
  "validation_precision-overall": 0.7748691099476435,
  "validation_recall-overall": 0.7399999999999995,
  "validation_f1-measure-overall": 0.757033248081791,
  "validation_loss": 1.2330293655395508,
  "best_validation_precision-overall": 0.8118279569892468,
  "best_validation_recall-overall": 0.7549999999999996,
  "best_validation_f1-measure-overall": 0.7823834196890688,
  "best_validation_loss": 1.2544240951538086
}