{
  "best_epoch": 249,
  "peak_cpu_memory_MB": 2963.864,
  "peak_gpu_0_memory_MB": 3666,
  "peak_gpu_1_memory_MB": 10,
  "peak_gpu_2_memory_MB": 10,
  "training_duration": "0:13:41.274788",
  "training_start_epoch": 0,
  "training_epochs": 249,
  "epoch": 249,
  "training_precision-overall": 0.9871465295629819,
  "training_recall-overall": 0.9770992366412212,
  "training_f1-measure-overall": 0.9820971867007171,
  "training_loss": 0.009286484953918261,
  "training_cpu_memory_MB": 2963.864,
  "training_gpu_0_memory_MB": 3666,
  "training_gpu_1_memory_MB": 10,
  "training_gpu_2_memory_MB": 10,
  "validation_precision-overall": 0.8042328042328037,
  "validation_recall-overall": 0.7599999999999996,
  "validation_f1-measure-overall": 0.7814910025706437,
  "validation_loss": 1.2655894756317139,
  "best_validation_precision-overall": 0.8042328042328037,
  "best_validation_recall-overall": 0.7599999999999996,
  "best_validation_f1-measure-overall": 0.7814910025706437,
  "best_validation_loss": 1.2655894756317139
}