{
  "best_epoch": 239,
  "peak_cpu_memory_MB": 2963.864,
  "peak_gpu_0_memory_MB": 3666,
  "peak_gpu_1_memory_MB": 10,
  "peak_gpu_2_memory_MB": 10,
  "training_duration": "0:13:14.603811",
  "training_start_epoch": 0,
  "training_epochs": 241,
  "epoch": 241,
  "training_precision-overall": 0.9846938775510202,
  "training_recall-overall": 0.9821882951653943,
  "training_f1-measure-overall": 0.9834394904458098,
  "training_loss": 0.008011128750695207,
  "training_cpu_memory_MB": 2963.864,
  "training_gpu_0_memory_MB": 3666,
  "training_gpu_1_memory_MB": 10,
  "training_gpu_2_memory_MB": 10,
  "validation_precision-overall": 0.8032786885245896,
  "validation_recall-overall": 0.7349999999999995,
  "validation_f1-measure-overall": 0.767624020887678,
  "validation_loss": 1.254855751991272,
  "best_validation_precision-overall": 0.8248587570621464,
  "best_validation_recall-overall": 0.7299999999999995,
  "best_validation_f1-measure-overall": 0.7745358090185174,
  "best_validation_loss": 1.2552558183670044
}