{
  "best_epoch": 239,
  "peak_cpu_memory_MB": 2963.864,
  "peak_gpu_0_memory_MB": 3666,
  "peak_gpu_1_memory_MB": 10,
  "peak_gpu_2_memory_MB": 10,
  "training_duration": "0:13:07.534807",
  "training_start_epoch": 0,
  "training_epochs": 239,
  "epoch": 239,
  "training_precision-overall": 0.9860583016476551,
  "training_recall-overall": 0.9898218829516539,
  "training_f1-measure-overall": 0.9879365079364579,
  "training_loss": 0.0074754574488906655,
  "training_cpu_memory_MB": 2963.864,
  "training_gpu_0_memory_MB": 3666,
  "training_gpu_1_memory_MB": 10,
  "training_gpu_2_memory_MB": 10,
  "validation_precision-overall": 0.8248587570621464,
  "validation_recall-overall": 0.7299999999999995,
  "validation_f1-measure-overall": 0.7745358090185174,
  "validation_loss": 1.2552558183670044,
  "best_validation_precision-overall": 0.8248587570621464,
  "best_validation_recall-overall": 0.7299999999999995,
  "best_validation_f1-measure-overall": 0.7745358090185174,
  "best_validation_loss": 1.2552558183670044
}