{
  "best_epoch": 123,
  "peak_cpu_memory_MB": 2963.864,
  "peak_gpu_0_memory_MB": 3666,
  "peak_gpu_1_memory_MB": 10,
  "peak_gpu_2_memory_MB": 10,
  "training_duration": "0:08:12.845082",
  "training_start_epoch": 0,
  "training_epochs": 150,
  "epoch": 150,
  "training_precision-overall": 0.9834183673469387,
  "training_recall-overall": 0.9809160305343511,
  "training_f1-measure-overall": 0.9821656050954913,
  "training_loss": 0.01271256924883346,
  "training_cpu_memory_MB": 2963.864,
  "training_gpu_0_memory_MB": 3666,
  "training_gpu_1_memory_MB": 10,
  "training_gpu_2_memory_MB": 10,
  "validation_precision-overall": 0.7883597883597879,
  "validation_recall-overall": 0.7449999999999996,
  "validation_f1-measure-overall": 0.7660668380462221,
  "validation_loss": 0.9740840196609497,
  "best_validation_precision-overall": 0.8166666666666661,
  "best_validation_recall-overall": 0.7349999999999995,
  "best_validation_f1-measure-overall": 0.7736842105262655,
  "best_validation_loss": 0.9223098158836365
}