{
  "best_epoch": 262,
  "peak_cpu_memory_MB": 2963.864,
  "peak_gpu_0_memory_MB": 3666,
  "peak_gpu_1_memory_MB": 10,
  "peak_gpu_2_memory_MB": 10,
  "training_duration": "0:15:02.430216",
  "training_start_epoch": 0,
  "training_epochs": 274,
  "epoch": 274,
  "training_precision-overall": 0.9860406091370557,
  "training_recall-overall": 0.9885496183206105,
  "training_f1-measure-overall": 0.9872935196949943,
  "training_loss": 0.007602876517921686,
  "training_cpu_memory_MB": 2963.864,
  "training_gpu_0_memory_MB": 3666,
  "training_gpu_1_memory_MB": 10,
  "training_gpu_2_memory_MB": 10,
  "validation_precision-overall": 0.7967032967032962,
  "validation_recall-overall": 0.7249999999999995,
  "validation_f1-measure-overall": 0.7591623036648711,
  "validation_loss": 1.362488031387329,
  "best_validation_precision-overall": 0.8118279569892468,
  "best_validation_recall-overall": 0.7549999999999996,
  "best_validation_f1-measure-overall": 0.7823834196890688,
  "best_validation_loss": 1.2544240951538086
}