{
  "best_epoch": 46,
  "peak_cpu_memory_MB": 2963.864,
  "peak_gpu_0_memory_MB": 3666,
  "peak_gpu_1_memory_MB": 10,
  "peak_gpu_2_memory_MB": 10,
  "training_duration": "0:03:57.492173",
  "training_start_epoch": 0,
  "training_epochs": 71,
  "epoch": 71,
  "training_precision-overall": 0.9474342928660825,
  "training_recall-overall": 0.9631043256997454,
  "training_f1-measure-overall": 0.9552050473185619,
  "training_loss": 0.052339512199978344,
  "training_cpu_memory_MB": 2963.864,
  "training_gpu_0_memory_MB": 3666,
  "training_gpu_1_memory_MB": 10,
  "training_gpu_2_memory_MB": 10,
  "validation_precision-overall": 0.7900552486187841,
  "validation_recall-overall": 0.7149999999999996,
  "validation_f1-measure-overall": 0.7506561679789523,
  "validation_loss": 0.7226728796958923,
  "best_validation_precision-overall": 0.8139534883720925,
  "best_validation_recall-overall": 0.6999999999999996,
  "best_validation_f1-measure-overall": 0.7526881720429607,
  "best_validation_loss": 0.48545584082603455
}