{
  "best_epoch": 262,
  "peak_cpu_memory_MB": 2963.864,
  "peak_gpu_0_memory_MB": 3666,
  "peak_gpu_1_memory_MB": 10,
  "peak_gpu_2_memory_MB": 10,
  "training_duration": "0:14:40.721009",
  "training_start_epoch": 0,
  "training_epochs": 267,
  "epoch": 267,
  "training_precision-overall": 0.9860406091370557,
  "training_recall-overall": 0.9885496183206105,
  "training_f1-measure-overall": 0.9872935196949943,
  "training_loss": 0.007877957142227388,
  "training_cpu_memory_MB": 2963.864,
  "training_gpu_0_memory_MB": 3666,
  "training_gpu_1_memory_MB": 10,
  "training_gpu_2_memory_MB": 10,
  "validation_precision-overall": 0.8323699421965313,
  "validation_recall-overall": 0.7199999999999996,
  "validation_f1-measure-overall": 0.7721179624664378,
  "validation_loss": 1.4481916427612305,
  "best_validation_precision-overall": 0.8118279569892468,
  "best_validation_recall-overall": 0.7549999999999996,
  "best_validation_f1-measure-overall": 0.7823834196890688,
  "best_validation_loss": 1.2544240951538086
}