{
  "best_epoch": 118,
  "peak_cpu_memory_MB": 2963.864,
  "peak_gpu_0_memory_MB": 3666,
  "peak_gpu_1_memory_MB": 10,
  "peak_gpu_2_memory_MB": 10,
  "training_duration": "0:06:33.647539",
  "training_start_epoch": 0,
  "training_epochs": 119,
  "epoch": 119,
  "training_precision-overall": 0.9822109275730622,
  "training_recall-overall": 0.9834605597964375,
  "training_f1-measure-overall": 0.9828353464716599,
  "training_loss": 0.013018824056416634,
  "training_cpu_memory_MB": 2963.864,
  "training_gpu_0_memory_MB": 3666,
  "training_gpu_1_memory_MB": 10,
  "training_gpu_2_memory_MB": 10,
  "validation_precision-overall": 0.7795698924731178,
  "validation_recall-overall": 0.7249999999999995,
  "validation_f1-measure-overall": 0.7512953367875145,
  "validation_loss": 0.9401292204856873,
  "best_validation_precision-overall": 0.7967914438502669,
  "best_validation_recall-overall": 0.7449999999999996,
  "best_validation_f1-measure-overall": 0.7700258397932312,
  "best_validation_loss": 0.9001166820526123
}