{
  "best_epoch": 118,
  "peak_cpu_memory_MB": 2963.864,
  "peak_gpu_0_memory_MB": 3666,
  "peak_gpu_1_memory_MB": 10,
  "peak_gpu_2_memory_MB": 10,
  "training_duration": "0:06:29.808824",
  "training_start_epoch": 0,
  "training_epochs": 118,
  "epoch": 118,
  "training_precision-overall": 0.9822109275730622,
  "training_recall-overall": 0.9834605597964375,
  "training_f1-measure-overall": 0.9828353464716599,
  "training_loss": 0.013485626295278053,
  "training_cpu_memory_MB": 2963.864,
  "training_gpu_0_memory_MB": 3666,
  "training_gpu_1_memory_MB": 10,
  "training_gpu_2_memory_MB": 10,
  "validation_precision-overall": 0.7967914438502669,
  "validation_recall-overall": 0.7449999999999996,
  "validation_f1-measure-overall": 0.7700258397932312,
  "validation_loss": 0.9001166820526123,
  "best_validation_precision-overall": 0.7967914438502669,
  "best_validation_recall-overall": 0.7449999999999996,
  "best_validation_f1-measure-overall": 0.7700258397932312,
  "best_validation_loss": 0.9001166820526123
}