{
  "best_epoch": 123,
  "peak_cpu_memory_MB": 2963.864,
  "peak_gpu_0_memory_MB": 3666,
  "peak_gpu_1_memory_MB": 10,
  "peak_gpu_2_memory_MB": 10,
  "training_duration": "0:07:41.106847",
  "training_start_epoch": 0,
  "training_epochs": 140,
  "epoch": 140,
  "training_precision-overall": 0.9693486590038313,
  "training_recall-overall": 0.965648854961832,
  "training_f1-measure-overall": 0.9674952198852271,
  "training_loss": 0.03187642128614243,
  "training_cpu_memory_MB": 2963.864,
  "training_gpu_0_memory_MB": 3666,
  "training_gpu_1_memory_MB": 10,
  "training_gpu_2_memory_MB": 10,
  "validation_precision-overall": 0.7934782608695647,
  "validation_recall-overall": 0.7299999999999995,
  "validation_f1-measure-overall": 0.7604166666666163,
  "validation_loss": 0.7172681093215942,
  "best_validation_precision-overall": 0.8166666666666661,
  "best_validation_recall-overall": 0.7349999999999995,
  "best_validation_f1-measure-overall": 0.7736842105262655,
  "best_validation_loss": 0.9223098158836365
}