{
  "best_epoch": 262,
  "peak_cpu_memory_MB": 2963.864,
  "peak_gpu_0_memory_MB": 3666,
  "peak_gpu_1_memory_MB": 10,
  "peak_gpu_2_memory_MB": 10,
  "training_duration": "0:15:39.677935",
  "training_start_epoch": 0,
  "training_epochs": 286,
  "epoch": 286,
  "training_precision-overall": 0.9846547314578004,
  "training_recall-overall": 0.9796437659033077,
  "training_f1-measure-overall": 0.9821428571428069,
  "training_loss": 0.008626687491414486,
  "training_cpu_memory_MB": 2963.864,
  "training_gpu_0_memory_MB": 3666,
  "training_gpu_1_memory_MB": 10,
  "training_gpu_2_memory_MB": 10,
  "validation_precision-overall": 0.8248587570621464,
  "validation_recall-overall": 0.7299999999999995,
  "validation_f1-measure-overall": 0.7745358090185174,
  "validation_loss": 1.2949191331863403,
  "best_validation_precision-overall": 0.8118279569892468,
  "best_validation_recall-overall": 0.7549999999999996,
  "best_validation_f1-measure-overall": 0.7823834196890688,
  "best_validation_loss": 1.2544240951538086
}