{
  "best_epoch": 123,
  "peak_cpu_memory_MB": 2963.864,
  "peak_gpu_0_memory_MB": 3666,
  "peak_gpu_1_memory_MB": 10,
  "peak_gpu_2_memory_MB": 10,
  "training_duration": "0:06:59.904012",
  "training_start_epoch": 0,
  "training_epochs": 127,
  "epoch": 127,
  "training_precision-overall": 0.9833971902937418,
  "training_recall-overall": 0.9796437659033077,
  "training_f1-measure-overall": 0.981516889738637,
  "training_loss": 0.014099468797212467,
  "training_cpu_memory_MB": 2963.864,
  "training_gpu_0_memory_MB": 3666,
  "training_gpu_1_memory_MB": 10,
  "training_gpu_2_memory_MB": 10,
  "validation_precision-overall": 0.7936507936507932,
  "validation_recall-overall": 0.7499999999999996,
  "validation_f1-measure-overall": 0.7712082262210295,
  "validation_loss": 0.9701718091964722,
  "best_validation_precision-overall": 0.8166666666666661,
  "best_validation_recall-overall": 0.7349999999999995,
  "best_validation_f1-measure-overall": 0.7736842105262655,
  "best_validation_loss": 0.9223098158836365
}