{
  "best_epoch": 262,
  "peak_cpu_memory_MB": 2963.864,
  "peak_gpu_0_memory_MB": 3666,
  "peak_gpu_1_memory_MB": 10,
  "peak_gpu_2_memory_MB": 10,
  "training_duration": "0:15:27.257927",
  "training_start_epoch": 0,
  "training_epochs": 282,
  "epoch": 282,
  "training_precision-overall": 0.9885204081632651,
  "training_recall-overall": 0.986005089058524,
  "training_f1-measure-overall": 0.9872611464967652,
  "training_loss": 0.006620953447963984,
  "training_cpu_memory_MB": 2963.864,
  "training_gpu_0_memory_MB": 3666,
  "training_gpu_1_memory_MB": 10,
  "training_gpu_2_memory_MB": 10,
  "validation_precision-overall": 0.805555555555555,
  "validation_recall-overall": 0.7249999999999995,
  "validation_f1-measure-overall": 0.7631578947367919,
  "validation_loss": 1.4568088054656982,
  "best_validation_precision-overall": 0.8118279569892468,
  "best_validation_recall-overall": 0.7549999999999996,
  "best_validation_f1-measure-overall": 0.7823834196890688,
  "best_validation_loss": 1.2544240951538086
}