{
  "best_epoch": 46,
  "peak_cpu_memory_MB": 2963.864,
  "peak_gpu_0_memory_MB": 3666,
  "peak_gpu_1_memory_MB": 10,
  "peak_gpu_2_memory_MB": 10,
  "training_duration": "0:03:54.275345",
  "training_start_epoch": 0,
  "training_epochs": 70,
  "epoch": 70,
  "training_precision-overall": 0.9184210526315788,
  "training_recall-overall": 0.8880407124681933,
  "training_f1-measure-overall": 0.9029754204397947,
  "training_loss": 0.08754120967932977,
  "training_cpu_memory_MB": 2963.864,
  "training_gpu_0_memory_MB": 3666,
  "training_gpu_1_memory_MB": 10,
  "training_gpu_2_memory_MB": 10,
  "validation_precision-overall": 0.7102803738317753,
  "validation_recall-overall": 0.7599999999999996,
  "validation_f1-measure-overall": 0.7342995169081622,
  "validation_loss": 0.6110237240791321,
  "best_validation_precision-overall": 0.8139534883720925,
  "best_validation_recall-overall": 0.6999999999999996,
  "best_validation_f1-measure-overall": 0.7526881720429607,
  "best_validation_loss": 0.48545584082603455
}