{
  "best_epoch": 123,
  "peak_cpu_memory_MB": 2963.864,
  "peak_gpu_0_memory_MB": 3666,
  "peak_gpu_1_memory_MB": 10,
  "peak_gpu_2_memory_MB": 10,
  "training_duration": "0:07:22.135664",
  "training_start_epoch": 0,
  "training_epochs": 134,
  "epoch": 134,
  "training_precision-overall": 0.982142857142857,
  "training_recall-overall": 0.9796437659033077,
  "training_f1-measure-overall": 0.9808917197451728,
  "training_loss": 0.0131055892279619,
  "training_cpu_memory_MB": 2963.864,
  "training_gpu_0_memory_MB": 3666,
  "training_gpu_1_memory_MB": 10,
  "training_gpu_2_memory_MB": 10,
  "validation_precision-overall": 0.7602040816326526,
  "validation_recall-overall": 0.7449999999999996,
  "validation_f1-measure-overall": 0.7525252525252021,
  "validation_loss": 0.9664500951766968,
  "best_validation_precision-overall": 0.8166666666666661,
  "best_validation_recall-overall": 0.7349999999999995,
  "best_validation_f1-measure-overall": 0.7736842105262655,
  "best_validation_loss": 0.9223098158836365
}