{
  "best_epoch": 262,
  "peak_cpu_memory_MB": 2963.864,
  "peak_gpu_0_memory_MB": 3666,
  "peak_gpu_1_memory_MB": 10,
  "peak_gpu_2_memory_MB": 10,
  "training_duration": "0:15:17.983773",
  "training_start_epoch": 0,
  "training_epochs": 279,
  "epoch": 279,
  "training_precision-overall": 0.9859872611464967,
  "training_recall-overall": 0.9847328244274808,
  "training_f1-measure-overall": 0.985359643539097,
  "training_loss": 0.008414251493377378,
  "training_cpu_memory_MB": 2963.864,
  "training_gpu_0_memory_MB": 3666,
  "training_gpu_1_memory_MB": 10,
  "training_gpu_2_memory_MB": 10,
  "validation_precision-overall": 0.8372093023255809,
  "validation_recall-overall": 0.7199999999999996,
  "validation_f1-measure-overall": 0.7741935483870468,
  "validation_loss": 1.425290822982788,
  "best_validation_precision-overall": 0.8118279569892468,
  "best_validation_recall-overall": 0.7549999999999996,
  "best_validation_f1-measure-overall": 0.7823834196890688,
  "best_validation_loss": 1.2544240951538086
}