{
  "best_epoch": 39,
  "peak_cpu_memory_MB": 2963.864,
  "peak_gpu_0_memory_MB": 3666,
  "peak_gpu_1_memory_MB": 10,
  "peak_gpu_2_memory_MB": 10,
  "training_duration": "0:02:14.020376",
  "training_start_epoch": 0,
  "training_epochs": 39,
  "epoch": 39,
  "training_precision-overall": 0.8312412831241281,
  "training_recall-overall": 0.7582697201017811,
  "training_f1-measure-overall": 0.7930805056553059,
  "training_loss": 0.18254992039874196,
  "training_cpu_memory_MB": 2963.864,
  "training_gpu_0_memory_MB": 3666,
  "training_gpu_1_memory_MB": 10,
  "training_gpu_2_memory_MB": 10,
  "validation_precision-overall": 0.7814207650273219,
  "validation_recall-overall": 0.7149999999999996,
  "validation_f1-measure-overall": 0.7467362924281482,
  "validation_loss": 0.39572542905807495,
  "best_validation_precision-overall": 0.7814207650273219,
  "best_validation_recall-overall": 0.7149999999999996,
  "best_validation_f1-measure-overall": 0.7467362924281482,
  "best_validation_loss": 0.39572542905807495
}