{
  "best_epoch": 46,
  "peak_cpu_memory_MB": 2963.864,
  "peak_gpu_0_memory_MB": 3666,
  "peak_gpu_1_memory_MB": 10,
  "peak_gpu_2_memory_MB": 10,
  "training_duration": "0:03:16.333801",
  "training_start_epoch": 0,
  "training_epochs": 58,
  "epoch": 58,
  "training_precision-overall": 0.8714918759231904,
  "training_recall-overall": 0.7506361323155215,
  "training_f1-measure-overall": 0.8065618591933883,
  "training_loss": 0.15148564195260406,
  "training_cpu_memory_MB": 2963.864,
  "training_gpu_0_memory_MB": 3666,
  "training_gpu_1_memory_MB": 10,
  "training_gpu_2_memory_MB": 10,
  "validation_precision-overall": 0.5933609958506221,
  "validation_recall-overall": 0.7149999999999996,
  "validation_f1-measure-overall": 0.6485260770974558,
  "validation_loss": 0.6278496384620667,
  "best_validation_precision-overall": 0.8139534883720925,
  "best_validation_recall-overall": 0.6999999999999996,
  "best_validation_f1-measure-overall": 0.7526881720429607,
  "best_validation_loss": 0.48545584082603455
}