{
  "best_epoch": 21,
  "peak_cpu_memory_MB": 2963.864,
  "peak_gpu_0_memory_MB": 3666,
  "peak_gpu_1_memory_MB": 10,
  "peak_gpu_2_memory_MB": 10,
  "training_duration": "0:01:23.422835",
  "training_start_epoch": 0,
  "training_epochs": 24,
  "epoch": 24,
  "training_precision-overall": 0.8126315789473683,
  "training_recall-overall": 0.49109414758269715,
  "training_f1-measure-overall": 0.6122125297382559,
  "training_loss": 0.3321670703589916,
  "training_cpu_memory_MB": 2963.864,
  "training_gpu_0_memory_MB": 3666,
  "training_gpu_1_memory_MB": 10,
  "training_gpu_2_memory_MB": 10,
  "validation_precision-overall": 0.7218045112781949,
  "validation_recall-overall": 0.4799999999999997,
  "validation_f1-measure-overall": 0.5765765765765283,
  "validation_loss": 0.48791539669036865,
  "best_validation_precision-overall": 0.7480314960629916,
  "best_validation_recall-overall": 0.47499999999999976,
  "best_validation_f1-measure-overall": 0.5810397553516341,
  "best_validation_loss": 0.4367198050022125
}