{
  "best_epoch": 123,
  "peak_cpu_memory_MB": 2963.864,
  "peak_gpu_0_memory_MB": 3666,
  "peak_gpu_1_memory_MB": 10,
  "peak_gpu_2_memory_MB": 10,
  "training_duration": "0:09:32.050692",
  "training_start_epoch": 0,
  "training_epochs": 174,
  "epoch": 174,
  "training_precision-overall": 0.9783715012722645,
  "training_recall-overall": 0.9783715012722645,
  "training_f1-measure-overall": 0.9783715012722145,
  "training_loss": 0.012037383217830211,
  "training_cpu_memory_MB": 2963.864,
  "training_gpu_0_memory_MB": 3666,
  "training_gpu_1_memory_MB": 10,
  "training_gpu_2_memory_MB": 10,
  "validation_precision-overall": 0.7807486631016038,
  "validation_recall-overall": 0.7299999999999995,
  "validation_f1-measure-overall": 0.7545219638242391,
  "validation_loss": 1.043428659439087,
  "best_validation_precision-overall": 0.8166666666666661,
  "best_validation_recall-overall": 0.7349999999999995,
  "best_validation_f1-measure-overall": 0.7736842105262655,
  "best_validation_loss": 0.9223098158836365
}