{
  "best_epoch": 262,
  "peak_cpu_memory_MB": 2963.864,
  "peak_gpu_0_memory_MB": 3668,
  "peak_gpu_1_memory_MB": 10,
  "peak_gpu_2_memory_MB": 10,
  "training_duration": "0:21:46.986731",
  "training_start_epoch": 0,
  "training_epochs": 403,
  "epoch": 403,
  "training_precision-overall": 0.9935483870967741,
  "training_recall-overall": 0.9796437659033077,
  "training_f1-measure-overall": 0.9865470852017436,
  "training_loss": 0.009029421958075545,
  "training_cpu_memory_MB": 2963.864,
  "training_gpu_0_memory_MB": 3668,
  "training_gpu_1_memory_MB": 10,
  "training_gpu_2_memory_MB": 10,
  "validation_precision-overall": 0.7577319587628861,
  "validation_recall-overall": 0.7349999999999995,
  "validation_f1-measure-overall": 0.7461928934009648,
  "validation_loss": 1.2347406148910522,
  "best_validation_precision-overall": 0.8118279569892468,
  "best_validation_recall-overall": 0.7549999999999996,
  "best_validation_f1-measure-overall": 0.7823834196890688,
  "best_validation_loss": 1.2544240951538086
}