{
  "best_epoch": 123,
  "peak_cpu_memory_MB": 2963.864,
  "peak_gpu_0_memory_MB": 3666,
  "peak_gpu_1_memory_MB": 10,
  "peak_gpu_2_memory_MB": 10,
  "training_duration": "0:09:38.991016",
  "training_start_epoch": 0,
  "training_epochs": 176,
  "epoch": 176,
  "training_precision-overall": 0.9860406091370557,
  "training_recall-overall": 0.9885496183206105,
  "training_f1-measure-overall": 0.9872935196949943,
  "training_loss": 0.00870288023725152,
  "training_cpu_memory_MB": 2963.864,
  "training_gpu_0_memory_MB": 3666,
  "training_gpu_1_memory_MB": 10,
  "training_gpu_2_memory_MB": 10,
  "validation_precision-overall": 0.7837837837837833,
  "validation_recall-overall": 0.7249999999999995,
  "validation_f1-measure-overall": 0.7532467532467029,
  "validation_loss": 1.0855052471160889,
  "best_validation_precision-overall": 0.8166666666666661,
  "best_validation_recall-overall": 0.7349999999999995,
  "best_validation_f1-measure-overall": 0.7736842105262655,
  "best_validation_loss": 0.9223098158836365
}