{
  "best_epoch": 46,
  "peak_cpu_memory_MB": 2963.864,
  "peak_gpu_0_memory_MB": 3666,
  "peak_gpu_1_memory_MB": 10,
  "peak_gpu_2_memory_MB": 10,
  "training_duration": "0:03:10.051015",
  "training_start_epoch": 0,
  "training_epochs": 56,
  "epoch": 56,
  "training_precision-overall": 0.7874617737003057,
  "training_recall-overall": 0.6552162849872772,
  "training_f1-measure-overall": 0.7152777777777282,
  "training_loss": 0.2790251038968563,
  "training_cpu_memory_MB": 2963.864,
  "training_gpu_0_memory_MB": 3666,
  "training_gpu_1_memory_MB": 10,
  "training_gpu_2_memory_MB": 10,
  "validation_precision-overall": 0.6949152542372877,
  "validation_recall-overall": 0.6149999999999997,
  "validation_f1-measure-overall": 0.6525198938991541,
  "validation_loss": 0.43249550461769104,
  "best_validation_precision-overall": 0.8139534883720925,
  "best_validation_recall-overall": 0.6999999999999996,
  "best_validation_f1-measure-overall": 0.7526881720429607,
  "best_validation_loss": 0.48545584082603455
}