{
  "best_epoch": 262,
  "peak_cpu_memory_MB": 2963.864,
  "peak_gpu_0_memory_MB": 3668,
  "peak_gpu_1_memory_MB": 10,
  "peak_gpu_2_memory_MB": 10,
  "training_duration": "0:20:44.200196",
  "training_start_epoch": 0,
  "training_epochs": 383,
  "epoch": 383,
  "training_precision-overall": 0.9897698209718668,
  "training_recall-overall": 0.9847328244274808,
  "training_f1-measure-overall": 0.9872448979591336,
  "training_loss": 0.00734258060947468,
  "training_cpu_memory_MB": 2963.864,
  "training_gpu_0_memory_MB": 3668,
  "training_gpu_1_memory_MB": 10,
  "training_gpu_2_memory_MB": 10,
  "validation_precision-overall": 0.7641025641025636,
  "validation_recall-overall": 0.7449999999999996,
  "validation_f1-measure-overall": 0.754430379746785,
  "validation_loss": 1.2701362371444702,
  "best_validation_precision-overall": 0.8118279569892468,
  "best_validation_recall-overall": 0.7549999999999996,
  "best_validation_f1-measure-overall": 0.7823834196890688,
  "best_validation_loss": 1.2544240951538086
}