{
  "best_epoch": 123,
  "peak_cpu_memory_MB": 2963.864,
  "peak_gpu_0_memory_MB": 3666,
  "peak_gpu_1_memory_MB": 10,
  "peak_gpu_2_memory_MB": 10,
  "training_duration": "0:08:03.224498",
  "training_start_epoch": 0,
  "training_epochs": 147,
  "epoch": 147,
  "training_precision-overall": 0.9785624211853718,
  "training_recall-overall": 0.9872773536895673,
  "training_f1-measure-overall": 0.9829005699809505,
  "training_loss": 0.012937019187120313,
  "training_cpu_memory_MB": 2963.864,
  "training_gpu_0_memory_MB": 3666,
  "training_gpu_1_memory_MB": 10,
  "training_gpu_2_memory_MB": 10,
  "validation_precision-overall": 0.7914438502673792,
  "validation_recall-overall": 0.7399999999999995,
  "validation_f1-measure-overall": 0.7648578811369006,
  "validation_loss": 0.9257990121841431,
  "best_validation_precision-overall": 0.8166666666666661,
  "best_validation_recall-overall": 0.7349999999999995,
  "best_validation_f1-measure-overall": 0.7736842105262655,
  "best_validation_loss": 0.9223098158836365
}