{
  "best_epoch": 90,
  "peak_cpu_memory_MB": 2963.864,
  "peak_gpu_0_memory_MB": 3666,
  "peak_gpu_1_memory_MB": 10,
  "peak_gpu_2_memory_MB": 10,
  "training_duration": "0:05:27.658959",
  "training_start_epoch": 0,
  "training_epochs": 99,
  "epoch": 99,
  "training_precision-overall": 0.9833119383825416,
  "training_recall-overall": 0.9745547073791347,
  "training_f1-measure-overall": 0.9789137380191193,
  "training_loss": 0.014387307888682699,
  "training_cpu_memory_MB": 2963.864,
  "training_gpu_0_memory_MB": 3666,
  "training_gpu_1_memory_MB": 10,
  "training_gpu_2_memory_MB": 10,
  "validation_precision-overall": 0.7903225806451608,
  "validation_recall-overall": 0.7349999999999995,
  "validation_f1-measure-overall": 0.7616580310880324,
  "validation_loss": 0.9029181599617004,
  "best_validation_precision-overall": 0.784210526315789,
  "best_validation_recall-overall": 0.7449999999999996,
  "best_validation_f1-measure-overall": 0.7641025641025138,
  "best_validation_loss": 0.7732226252555847
}