{
  "best_epoch": 249,
  "peak_cpu_memory_MB": 2963.864,
  "peak_gpu_0_memory_MB": 3666,
  "peak_gpu_1_memory_MB": 10,
  "peak_gpu_2_memory_MB": 10,
  "training_duration": "0:13:48.202322",
  "training_start_epoch": 0,
  "training_epochs": 251,
  "epoch": 251,
  "training_precision-overall": 0.982233502538071,
  "training_recall-overall": 0.9847328244274808,
  "training_f1-measure-overall": 0.9834815756035077,
  "training_loss": 0.008879408560460433,
  "training_cpu_memory_MB": 2963.864,
  "training_gpu_0_memory_MB": 3666,
  "training_gpu_1_memory_MB": 10,
  "training_gpu_2_memory_MB": 10,
  "validation_precision-overall": 0.7999999999999995,
  "validation_recall-overall": 0.7399999999999995,
  "validation_f1-measure-overall": 0.7688311688311185,
  "validation_loss": 1.3094364404678345,
  "best_validation_precision-overall": 0.8042328042328037,
  "best_validation_recall-overall": 0.7599999999999996,
  "best_validation_f1-measure-overall": 0.7814910025706437,
  "best_validation_loss": 1.2655894756317139
}