{
  "best_epoch": 123,
  "peak_cpu_memory_MB": 2963.864,
  "peak_gpu_0_memory_MB": 3666,
  "peak_gpu_1_memory_MB": 10,
  "peak_gpu_2_memory_MB": 10,
  "training_duration": "0:08:38.278384",
  "training_start_epoch": 0,
  "training_epochs": 158,
  "epoch": 158,
  "training_precision-overall": 0.982233502538071,
  "training_recall-overall": 0.9847328244274808,
  "training_f1-measure-overall": 0.9834815756035077,
  "training_loss": 0.011762491303670686,
  "training_cpu_memory_MB": 2963.864,
  "training_gpu_0_memory_MB": 3666,
  "training_gpu_1_memory_MB": 10,
  "training_gpu_2_memory_MB": 10,
  "validation_precision-overall": 0.8044692737430162,
  "validation_recall-overall": 0.7199999999999996,
  "validation_f1-measure-overall": 0.7598944591028521,
  "validation_loss": 1.0069037675857544,
  "best_validation_precision-overall": 0.8166666666666661,
  "best_validation_recall-overall": 0.7349999999999995,
  "best_validation_f1-measure-overall": 0.7736842105262655,
  "best_validation_loss": 0.9223098158836365
}