{
  "best_epoch": 112,
  "peak_cpu_memory_MB": 2963.864,
  "peak_gpu_0_memory_MB": 3666,
  "peak_gpu_1_memory_MB": 10,
  "peak_gpu_2_memory_MB": 10,
  "training_duration": "0:06:20.309711",
  "training_start_epoch": 0,
  "training_epochs": 115,
  "epoch": 115,
  "training_precision-overall": 0.9734848484848484,
  "training_recall-overall": 0.9809160305343511,
  "training_f1-measure-overall": 0.9771863117870223,
  "training_loss": 0.013623679323245597,
  "training_cpu_memory_MB": 2963.864,
  "training_gpu_0_memory_MB": 3666,
  "training_gpu_1_memory_MB": 10,
  "training_gpu_2_memory_MB": 10,
  "validation_precision-overall": 0.7977528089887636,
  "validation_recall-overall": 0.7099999999999996,
  "validation_f1-measure-overall": 0.7513227513227011,
  "validation_loss": 0.9406057596206665,
  "best_validation_precision-overall": 0.8076923076923072,
  "best_validation_recall-overall": 0.7349999999999995,
  "best_validation_f1-measure-overall": 0.7696335078533528,
  "best_validation_loss": 0.8769144415855408
}