{
  "best_epoch": 46,
  "peak_cpu_memory_MB": 2963.864,
  "peak_gpu_0_memory_MB": 3666,
  "peak_gpu_1_memory_MB": 10,
  "peak_gpu_2_memory_MB": 10,
  "training_duration": "0:03:19.479337",
  "training_start_epoch": 0,
  "training_epochs": 59,
  "epoch": 59,
  "training_precision-overall": 0.8407821229050279,
  "training_recall-overall": 0.7659033078880406,
  "training_f1-measure-overall": 0.8015978695072735,
  "training_loss": 0.16558173671364784,
  "training_cpu_memory_MB": 2963.864,
  "training_gpu_0_memory_MB": 3666,
  "training_gpu_1_memory_MB": 10,
  "training_gpu_2_memory_MB": 10,
  "validation_precision-overall": 0.7924528301886786,
  "validation_recall-overall": 0.6299999999999997,
  "validation_f1-measure-overall": 0.7019498607241842,
  "validation_loss": 0.5070528388023376,
  "best_validation_precision-overall": 0.8139534883720925,
  "best_validation_recall-overall": 0.6999999999999996,
  "best_validation_f1-measure-overall": 0.7526881720429607,
  "best_validation_loss": 0.48545584082603455
}