{
  "best_epoch": 123,
  "peak_cpu_memory_MB": 2963.864,
  "peak_gpu_0_memory_MB": 3666,
  "peak_gpu_1_memory_MB": 10,
  "peak_gpu_2_memory_MB": 10,
  "training_duration": "0:06:56.753460",
  "training_start_epoch": 0,
  "training_epochs": 126,
  "epoch": 126,
  "training_precision-overall": 0.9809402795425666,
  "training_recall-overall": 0.9821882951653943,
  "training_f1-measure-overall": 0.9815638906547496,
  "training_loss": 0.01298125872745004,
  "training_cpu_memory_MB": 2963.864,
  "training_gpu_0_memory_MB": 3666,
  "training_gpu_1_memory_MB": 10,
  "training_gpu_2_memory_MB": 10,
  "validation_precision-overall": 0.8124999999999994,
  "validation_recall-overall": 0.7149999999999996,
  "validation_f1-measure-overall": 0.7606382978722903,
  "validation_loss": 0.970329225063324,
  "best_validation_precision-overall": 0.8166666666666661,
  "best_validation_recall-overall": 0.7349999999999995,
  "best_validation_f1-measure-overall": 0.7736842105262655,
  "best_validation_loss": 0.9223098158836365
}