{
  "best_epoch": 262,
  "peak_cpu_memory_MB": 2963.864,
  "peak_gpu_0_memory_MB": 3668,
  "peak_gpu_1_memory_MB": 10,
  "peak_gpu_2_memory_MB": 10,
  "training_duration": "0:21:18.718555",
  "training_start_epoch": 0,
  "training_epochs": 394,
  "epoch": 394,
  "training_precision-overall": 0.985933503836317,
  "training_recall-overall": 0.9809160305343511,
  "training_f1-measure-overall": 0.9834183673468886,
  "training_loss": 0.007961604324009386,
  "training_cpu_memory_MB": 2963.864,
  "training_gpu_0_memory_MB": 3668,
  "training_gpu_1_memory_MB": 10,
  "training_gpu_2_memory_MB": 10,
  "validation_precision-overall": 0.7789473684210522,
  "validation_recall-overall": 0.7399999999999995,
  "validation_f1-measure-overall": 0.7589743589743086,
  "validation_loss": 1.237972617149353,
  "best_validation_precision-overall": 0.8118279569892468,
  "best_validation_recall-overall": 0.7549999999999996,
  "best_validation_f1-measure-overall": 0.7823834196890688,
  "best_validation_loss": 1.2544240951538086
}