{
  "best_epoch": 12,
  "peak_cpu_memory_MB": 2963.864,
  "peak_gpu_0_memory_MB": 3666,
  "peak_gpu_1_memory_MB": 10,
  "peak_gpu_2_memory_MB": 10,
  "training_duration": "0:00:45.782996",
  "training_start_epoch": 0,
  "training_epochs": 13,
  "epoch": 13,
  "training_precision-overall": 0.7328244274809157,
  "training_recall-overall": 0.2442748091603053,
  "training_f1-measure-overall": 0.3664122137404204,
  "training_loss": 0.5608937442302704,
  "training_cpu_memory_MB": 2963.864,
  "training_gpu_0_memory_MB": 3666,
  "training_gpu_1_memory_MB": 10,
  "training_gpu_2_memory_MB": 10,
  "validation_precision-overall": 0.49285714285714244,
  "validation_recall-overall": 0.3449999999999998,
  "validation_f1-measure-overall": 0.40588235294112773,
  "validation_loss": 0.5907582640647888,
  "best_validation_precision-overall": 0.7499999999999991,
  "best_validation_recall-overall": 0.31499999999999984,
  "best_validation_f1-measure-overall": 0.4436619718309439,
  "best_validation_loss": 0.5818851590156555
}