{
  "best_epoch": 12,
  "peak_cpu_memory_MB": 2963.864,
  "peak_gpu_0_memory_MB": 3666,
  "peak_gpu_1_memory_MB": 10,
  "peak_gpu_2_memory_MB": 10,
  "training_duration": "0:00:41.927013",
  "training_start_epoch": 0,
  "training_epochs": 12,
  "epoch": 12,
  "training_precision-overall": 0.9285714285714275,
  "training_recall-overall": 0.09923664122137403,
  "training_f1-measure-overall": 0.17931034482756872,
  "training_loss": 0.7761440873146057,
  "training_cpu_memory_MB": 2963.864,
  "training_gpu_0_memory_MB": 3666,
  "training_gpu_1_memory_MB": 10,
  "training_gpu_2_memory_MB": 10,
  "validation_precision-overall": 0.7499999999999991,
  "validation_recall-overall": 0.31499999999999984,
  "validation_f1-measure-overall": 0.4436619718309439,
  "validation_loss": 0.5818851590156555,
  "best_validation_precision-overall": 0.7499999999999991,
  "best_validation_recall-overall": 0.31499999999999984,
  "best_validation_f1-measure-overall": 0.4436619718309439,
  "best_validation_loss": 0.5818851590156555
}