{
  "best_epoch": 46,
  "peak_cpu_memory_MB": 2963.864,
  "peak_gpu_0_memory_MB": 3666,
  "peak_gpu_1_memory_MB": 10,
  "peak_gpu_2_memory_MB": 10,
  "training_duration": "0:03:38.475082",
  "training_start_epoch": 0,
  "training_epochs": 65,
  "epoch": 65,
  "training_precision-overall": 0.932051282051282,
  "training_recall-overall": 0.9249363867684477,
  "training_f1-measure-overall": 0.9284802043422232,
  "training_loss": 0.05793133797124028,
  "training_cpu_memory_MB": 2963.864,
  "training_gpu_0_memory_MB": 3666,
  "training_gpu_1_memory_MB": 10,
  "training_gpu_2_memory_MB": 10,
  "validation_precision-overall": 0.7826086956521734,
  "validation_recall-overall": 0.7199999999999996,
  "validation_f1-measure-overall": 0.7499999999999496,
  "validation_loss": 0.623363733291626,
  "best_validation_precision-overall": 0.8139534883720925,
  "best_validation_recall-overall": 0.6999999999999996,
  "best_validation_f1-measure-overall": 0.7526881720429607,
  "best_validation_loss": 0.48545584082603455
}