{
  "best_epoch": 90,
  "peak_cpu_memory_MB": 2963.864,
  "peak_gpu_0_memory_MB": 3666,
  "peak_gpu_1_memory_MB": 10,
  "peak_gpu_2_memory_MB": 10,
  "training_duration": "0:05:24.452256",
  "training_start_epoch": 0,
  "training_epochs": 98,
  "epoch": 98,
  "training_precision-overall": 0.980964467005076,
  "training_recall-overall": 0.9834605597964375,
  "training_f1-measure-overall": 0.9822109275730122,
  "training_loss": 0.01706046168874309,
  "training_cpu_memory_MB": 2963.864,
  "training_gpu_0_memory_MB": 3666,
  "training_gpu_1_memory_MB": 10,
  "training_gpu_2_memory_MB": 10,
  "validation_precision-overall": 0.805555555555555,
  "validation_recall-overall": 0.7249999999999995,
  "validation_f1-measure-overall": 0.7631578947367919,
  "validation_loss": 0.8381151556968689,
  "best_validation_precision-overall": 0.784210526315789,
  "best_validation_recall-overall": 0.7449999999999996,
  "best_validation_f1-measure-overall": 0.7641025641025138,
  "best_validation_loss": 0.7732226252555847
}