{
  "best_epoch": 262,
  "peak_cpu_memory_MB": 2963.864,
  "peak_gpu_0_memory_MB": 3668,
  "peak_gpu_1_memory_MB": 10,
  "peak_gpu_2_memory_MB": 10,
  "training_duration": "0:24:44.673373",
  "training_start_epoch": 0,
  "training_epochs": 458,
  "epoch": 458,
  "training_precision-overall": 0.9910371318822022,
  "training_recall-overall": 0.9847328244274808,
  "training_f1-measure-overall": 0.9878749202296883,
  "training_loss": 0.0065738049820538436,
  "training_cpu_memory_MB": 2963.864,
  "training_gpu_0_memory_MB": 3668,
  "training_gpu_1_memory_MB": 10,
  "training_gpu_2_memory_MB": 10,
  "validation_precision-overall": 0.7925531914893612,
  "validation_recall-overall": 0.7449999999999996,
  "validation_f1-measure-overall": 0.7680412371133517,
  "validation_loss": 1.492983102798462,
  "best_validation_precision-overall": 0.8118279569892468,
  "best_validation_recall-overall": 0.7549999999999996,
  "best_validation_f1-measure-overall": 0.7823834196890688,
  "best_validation_loss": 1.2544240951538086
}