{
  "best_epoch": 123,
  "peak_cpu_memory_MB": 2963.864,
  "peak_gpu_0_memory_MB": 3666,
  "peak_gpu_1_memory_MB": 10,
  "peak_gpu_2_memory_MB": 10,
  "training_duration": "0:07:31.601918",
  "training_start_epoch": 0,
  "training_epochs": 137,
  "epoch": 137,
  "training_precision-overall": 0.9158767772511847,
  "training_recall-overall": 0.9834605597964375,
  "training_f1-measure-overall": 0.9484662576686615,
  "training_loss": 0.05628954601706937,
  "training_cpu_memory_MB": 2963.864,
  "training_gpu_0_memory_MB": 3666,
  "training_gpu_1_memory_MB": 10,
  "training_gpu_2_memory_MB": 10,
  "validation_precision-overall": 0.6413043478260863,
  "validation_recall-overall": 0.2949999999999998,
  "validation_f1-measure-overall": 0.40410958904105243,
  "validation_loss": 1.2192302942276,
  "best_validation_precision-overall": 0.8166666666666661,
  "best_validation_recall-overall": 0.7349999999999995,
  "best_validation_f1-measure-overall": 0.7736842105262655,
  "best_validation_loss": 0.9223098158836365
}