{
  "best_epoch": 73,
  "peak_cpu_memory_MB": 2963.864,
  "peak_gpu_0_memory_MB": 3666,
  "peak_gpu_1_memory_MB": 10,
  "peak_gpu_2_memory_MB": 10,
  "training_duration": "0:04:26.699911",
  "training_start_epoch": 0,
  "training_epochs": 80,
  "epoch": 80,
  "training_precision-overall": 0.9608585858585857,
  "training_recall-overall": 0.9681933842239184,
  "training_f1-measure-overall": 0.9645120405576179,
  "training_loss": 0.03093106074084062,
  "training_cpu_memory_MB": 2963.864,
  "training_gpu_0_memory_MB": 3666,
  "training_gpu_1_memory_MB": 10,
  "training_gpu_2_memory_MB": 10,
  "validation_precision-overall": 0.7865168539325837,
  "validation_recall-overall": 0.6999999999999996,
  "validation_f1-measure-overall": 0.7407407407406906,
  "validation_loss": 0.7916617393493652,
  "best_validation_precision-overall": 0.7860962566844915,
  "best_validation_recall-overall": 0.7349999999999995,
  "best_validation_f1-measure-overall": 0.7596899224805697,
  "best_validation_loss": 0.8098266124725342
}