{
  "best_epoch": 249,
  "peak_cpu_memory_MB": 2963.864,
  "peak_gpu_0_memory_MB": 3666,
  "peak_gpu_1_memory_MB": 10,
  "peak_gpu_2_memory_MB": 10,
  "training_duration": "0:13:54.665361",
  "training_start_epoch": 0,
  "training_epochs": 253,
  "epoch": 253,
  "training_precision-overall": 0.9835234474017742,
  "training_recall-overall": 0.9872773536895673,
  "training_f1-measure-overall": 0.9853968253967753,
  "training_loss": 0.008925923439164762,
  "training_cpu_memory_MB": 2963.864,
  "training_gpu_0_memory_MB": 3666,
  "training_gpu_1_memory_MB": 10,
  "training_gpu_2_memory_MB": 10,
  "validation_precision-overall": 0.805405405405405,
  "validation_recall-overall": 0.7449999999999996,
  "validation_f1-measure-overall": 0.7740259740259238,
  "validation_loss": 1.2805501222610474,
  "best_validation_precision-overall": 0.8042328042328037,
  "best_validation_recall-overall": 0.7599999999999996,
  "best_validation_f1-measure-overall": 0.7814910025706437,
  "best_validation_loss": 1.2655894756317139
}