{
  "best_epoch": 112,
  "peak_cpu_memory_MB": 2963.864,
  "peak_gpu_0_memory_MB": 3666,
  "peak_gpu_1_memory_MB": 10,
  "peak_gpu_2_memory_MB": 10,
  "training_duration": "0:06:14.010505",
  "training_start_epoch": 0,
  "training_epochs": 113,
  "epoch": 113,
  "training_precision-overall": 0.9797979797979797,
  "training_recall-overall": 0.9872773536895673,
  "training_f1-measure-overall": 0.9835234474017244,
  "training_loss": 0.015284121907825465,
  "training_cpu_memory_MB": 2963.864,
  "training_gpu_0_memory_MB": 3666,
  "training_gpu_1_memory_MB": 10,
  "training_gpu_2_memory_MB": 10,
  "validation_precision-overall": 0.7801047120418844,
  "validation_recall-overall": 0.7449999999999996,
  "validation_f1-measure-overall": 0.7621483375958577,
  "validation_loss": 0.8661635518074036,
  "best_validation_precision-overall": 0.8076923076923072,
  "best_validation_recall-overall": 0.7349999999999995,
  "best_validation_f1-measure-overall": 0.7696335078533528,
  "best_validation_loss": 0.8769144415855408
}