{
  "best_epoch": 14,
  "peak_cpu_memory_MB": 2963.864,
  "peak_gpu_0_memory_MB": 3666,
  "peak_gpu_1_memory_MB": 10,
  "peak_gpu_2_memory_MB": 10,
  "training_duration": "0:00:48.922019",
  "training_start_epoch": 0,
  "training_epochs": 14,
  "epoch": 14,
  "training_precision-overall": 0.6034482758620687,
  "training_recall-overall": 0.22264631043256994,
  "training_f1-measure-overall": 0.32527881040888246,
  "training_loss": 0.5475503355264664,
  "training_cpu_memory_MB": 2963.864,
  "training_gpu_0_memory_MB": 3666,
  "training_gpu_1_memory_MB": 10,
  "training_gpu_2_memory_MB": 10,
  "validation_precision-overall": 0.8589743589743579,
  "validation_recall-overall": 0.3349999999999998,
  "validation_f1-measure-overall": 0.48201438848916794,
  "validation_loss": 0.5135188698768616,
  "best_validation_precision-overall": 0.8589743589743579,
  "best_validation_recall-overall": 0.3349999999999998,
  "best_validation_f1-measure-overall": 0.48201438848916794,
  "best_validation_loss": 0.5135188698768616
}