{
  "best_epoch": 123,
  "peak_cpu_memory_MB": 2963.864,
  "peak_gpu_0_memory_MB": 3666,
  "peak_gpu_1_memory_MB": 10,
  "peak_gpu_2_memory_MB": 10,
  "training_duration": "0:12:11.293703",
  "training_start_epoch": 0,
  "training_epochs": 222,
  "epoch": 222,
  "training_precision-overall": 0.9859693877551019,
  "training_recall-overall": 0.9834605597964375,
  "training_f1-measure-overall": 0.9847133757961283,
  "training_loss": 0.009062369964340178,
  "training_cpu_memory_MB": 2963.864,
  "training_gpu_0_memory_MB": 3666,
  "training_gpu_1_memory_MB": 10,
  "training_gpu_2_memory_MB": 10,
  "validation_precision-overall": 0.8010752688172038,
  "validation_recall-overall": 0.7449999999999996,
  "validation_f1-measure-overall": 0.7720207253885507,
  "validation_loss": 1.1620935201644897,
  "best_validation_precision-overall": 0.8166666666666661,
  "best_validation_recall-overall": 0.7349999999999995,
  "best_validation_f1-measure-overall": 0.7736842105262655,
  "best_validation_loss": 0.9223098158836365
}