{
  "best_epoch": 262,
  "peak_cpu_memory_MB": 2963.864,
  "peak_gpu_0_memory_MB": 3668,
  "peak_gpu_1_memory_MB": 10,
  "peak_gpu_2_memory_MB": 10,
  "training_duration": "0:20:12.944270",
  "training_start_epoch": 0,
  "training_epochs": 373,
  "epoch": 373,
  "training_precision-overall": 0.9834815756035576,
  "training_recall-overall": 0.9847328244274808,
  "training_f1-measure-overall": 0.9841068022885703,
  "training_loss": 0.008154392647156783,
  "training_cpu_memory_MB": 2963.864,
  "training_gpu_0_memory_MB": 3668,
  "training_gpu_1_memory_MB": 10,
  "training_gpu_2_memory_MB": 10,
  "validation_precision-overall": 0.7903225806451608,
  "validation_recall-overall": 0.7349999999999995,
  "validation_f1-measure-overall": 0.7616580310880324,
  "validation_loss": 1.15421462059021,
  "best_validation_precision-overall": 0.8118279569892468,
  "best_validation_recall-overall": 0.7549999999999996,
  "best_validation_f1-measure-overall": 0.7823834196890688,
  "best_validation_loss": 1.2544240951538086
}