{
  "best_epoch": 249,
  "peak_cpu_memory_MB": 2963.864,
  "peak_gpu_0_memory_MB": 3666,
  "peak_gpu_1_memory_MB": 10,
  "peak_gpu_2_memory_MB": 10,
  "training_duration": "0:14:08.173500",
  "training_start_epoch": 0,
  "training_epochs": 257,
  "epoch": 257,
  "training_precision-overall": 0.9847133757961782,
  "training_recall-overall": 0.9834605597964375,
  "training_f1-measure-overall": 0.9840865690642402,
  "training_loss": 0.008781433017247764,
  "training_cpu_memory_MB": 2963.864,
  "training_gpu_0_memory_MB": 3666,
  "training_gpu_1_memory_MB": 10,
  "training_gpu_2_memory_MB": 10,
  "validation_precision-overall": 0.8087431693989066,
  "validation_recall-overall": 0.7399999999999995,
  "validation_f1-measure-overall": 0.7728459530025606,
  "validation_loss": 1.3110716342926025,
  "best_validation_precision-overall": 0.8042328042328037,
  "best_validation_recall-overall": 0.7599999999999996,
  "best_validation_f1-measure-overall": 0.7814910025706437,
  "best_validation_loss": 1.2655894756317139
}