{
  "best_epoch": 262,
  "peak_cpu_memory_MB": 2963.864,
  "peak_gpu_0_memory_MB": 3666,
  "peak_gpu_1_memory_MB": 10,
  "peak_gpu_2_memory_MB": 10,
  "training_duration": "0:18:10.439359",
  "training_start_epoch": 0,
  "training_epochs": 334,
  "epoch": 334,
  "training_precision-overall": 0.9847715736040608,
  "training_recall-overall": 0.9872773536895673,
  "training_f1-measure-overall": 0.9860228716644988,
  "training_loss": 0.008964849498624972,
  "training_cpu_memory_MB": 2963.864,
  "training_gpu_0_memory_MB": 3666,
  "training_gpu_1_memory_MB": 10,
  "training_gpu_2_memory_MB": 10,
  "validation_precision-overall": 0.7512953367875643,
  "validation_recall-overall": 0.7249999999999995,
  "validation_f1-measure-overall": 0.7379134860050387,
  "validation_loss": 1.0211119651794434,
  "best_validation_precision-overall": 0.8118279569892468,
  "best_validation_recall-overall": 0.7549999999999996,
  "best_validation_f1-measure-overall": 0.7823834196890688,
  "best_validation_loss": 1.2544240951538086
}