{
  "best_epoch": 262,
  "peak_cpu_memory_MB": 2963.864,
  "peak_gpu_0_memory_MB": 3668,
  "peak_gpu_1_memory_MB": 10,
  "peak_gpu_2_memory_MB": 10,
  "training_duration": "0:24:28.922750",
  "training_start_epoch": 0,
  "training_epochs": 453,
  "epoch": 453,
  "training_precision-overall": 0.9910485933503835,
  "training_recall-overall": 0.986005089058524,
  "training_f1-measure-overall": 0.9885204081632152,
  "training_loss": 0.0065115314991999185,
  "training_cpu_memory_MB": 2963.864,
  "training_gpu_0_memory_MB": 3668,
  "training_gpu_1_memory_MB": 10,
  "training_gpu_2_memory_MB": 10,
  "validation_precision-overall": 0.787234042553191,
  "validation_recall-overall": 0.7399999999999995,
  "validation_f1-measure-overall": 0.7628865979380939,
  "validation_loss": 1.5151547193527222,
  "best_validation_precision-overall": 0.8118279569892468,
  "best_validation_recall-overall": 0.7549999999999996,
  "best_validation_f1-measure-overall": 0.7823834196890688,
  "best_validation_loss": 1.2544240951538086
}