{
  "best_epoch": 123,
  "peak_cpu_memory_MB": 2963.864,
  "peak_gpu_0_memory_MB": 3666,
  "peak_gpu_1_memory_MB": 10,
  "peak_gpu_2_memory_MB": 10,
  "training_duration": "0:07:15.812029",
  "training_start_epoch": 0,
  "training_epochs": 132,
  "epoch": 132,
  "training_precision-overall": 0.9808917197452228,
  "training_recall-overall": 0.9796437659033077,
  "training_f1-measure-overall": 0.9802673456396699,
  "training_loss": 0.014007822818712157,
  "training_cpu_memory_MB": 2963.864,
  "training_gpu_0_memory_MB": 3666,
  "training_gpu_1_memory_MB": 10,
  "training_gpu_2_memory_MB": 10,
  "validation_precision-overall": 0.7628865979381438,
  "validation_recall-overall": 0.7399999999999995,
  "validation_f1-measure-overall": 0.7512690355329444,
  "validation_loss": 0.9623668193817139,
  "best_validation_precision-overall": 0.8166666666666661,
  "best_validation_recall-overall": 0.7349999999999995,
  "best_validation_f1-measure-overall": 0.7736842105262655,
  "best_validation_loss": 0.9223098158836365
}