{
  "best_epoch": 73,
  "peak_cpu_memory_MB": 2963.864,
  "peak_gpu_0_memory_MB": 3666,
  "peak_gpu_1_memory_MB": 10,
  "peak_gpu_2_memory_MB": 10,
  "training_duration": "0:04:13.948809",
  "training_start_epoch": 0,
  "training_epochs": 76,
  "epoch": 76,
  "training_precision-overall": 0.9326683291770572,
  "training_recall-overall": 0.9516539440203561,
  "training_f1-measure-overall": 0.9420654911838291,
  "training_loss": 0.049118339957203716,
  "training_cpu_memory_MB": 2963.864,
  "training_gpu_0_memory_MB": 3666,
  "training_gpu_1_memory_MB": 10,
  "training_gpu_2_memory_MB": 10,
  "validation_precision-overall": 0.8220858895705516,
  "validation_recall-overall": 0.6699999999999996,
  "validation_f1-measure-overall": 0.7382920110192338,
  "validation_loss": 0.7750235795974731,
  "best_validation_precision-overall": 0.7860962566844915,
  "best_validation_recall-overall": 0.7349999999999995,
  "best_validation_f1-measure-overall": 0.7596899224805697,
  "best_validation_loss": 0.8098266124725342
}