{
  "best_epoch": 112,
  "peak_cpu_memory_MB": 2963.864,
  "peak_gpu_0_memory_MB": 3666,
  "peak_gpu_1_memory_MB": 10,
  "peak_gpu_2_memory_MB": 10,
  "training_duration": "0:06:23.436888",
  "training_start_epoch": 0,
  "training_epochs": 116,
  "epoch": 116,
  "training_precision-overall": 0.9859154929577464,
  "training_recall-overall": 0.9796437659033077,
  "training_f1-measure-overall": 0.9827696234843148,
  "training_loss": 0.012554367109714804,
  "training_cpu_memory_MB": 2963.864,
  "training_gpu_0_memory_MB": 3666,
  "training_gpu_1_memory_MB": 10,
  "training_gpu_2_memory_MB": 10,
  "validation_precision-overall": 0.7760416666666662,
  "validation_recall-overall": 0.7449999999999996,
  "validation_f1-measure-overall": 0.7602040816326027,
  "validation_loss": 0.9517589807510376,
  "best_validation_precision-overall": 0.8076923076923072,
  "best_validation_recall-overall": 0.7349999999999995,
  "best_validation_f1-measure-overall": 0.7696335078533528,
  "best_validation_loss": 0.8769144415855408
}