{
  "best_epoch": 73,
  "peak_cpu_memory_MB": 2963.864,
  "peak_gpu_0_memory_MB": 3666,
  "peak_gpu_1_memory_MB": 10,
  "peak_gpu_2_memory_MB": 10,
  "training_duration": "0:04:42.572938",
  "training_start_epoch": 0,
  "training_epochs": 85,
  "epoch": 85,
  "training_precision-overall": 0.9734177215189872,
  "training_recall-overall": 0.9783715012722645,
  "training_f1-measure-overall": 0.9758883248730463,
  "training_loss": 0.023581867384564248,
  "training_cpu_memory_MB": 2963.864,
  "training_gpu_0_memory_MB": 3666,
  "training_gpu_1_memory_MB": 10,
  "training_gpu_2_memory_MB": 10,
  "validation_precision-overall": 0.7807486631016038,
  "validation_recall-overall": 0.7299999999999995,
  "validation_f1-measure-overall": 0.7545219638242391,
  "validation_loss": 0.7153576612472534,
  "best_validation_precision-overall": 0.7860962566844915,
  "best_validation_recall-overall": 0.7349999999999995,
  "best_validation_f1-measure-overall": 0.7596899224805697,
  "best_validation_loss": 0.8098266124725342
}