{
  "best_epoch": 262,
  "peak_cpu_memory_MB": 2963.864,
  "peak_gpu_0_memory_MB": 3668,
  "peak_gpu_1_memory_MB": 10,
  "peak_gpu_2_memory_MB": 10,
  "training_duration": "0:22:46.673087",
  "training_start_epoch": 0,
  "training_epochs": 422,
  "epoch": 422,
  "training_precision-overall": 0.9810366624525915,
  "training_recall-overall": 0.9872773536895673,
  "training_f1-measure-overall": 0.984147114774839,
  "training_loss": 0.007919578402834304,
  "training_cpu_memory_MB": 2963.864,
  "training_gpu_0_memory_MB": 3668,
  "training_gpu_1_memory_MB": 10,
  "training_gpu_2_memory_MB": 10,
  "validation_precision-overall": 0.8011049723756901,
  "validation_recall-overall": 0.7249999999999995,
  "validation_f1-measure-overall": 0.7611548556429942,
  "validation_loss": 1.4340788125991821,
  "best_validation_precision-overall": 0.8118279569892468,
  "best_validation_recall-overall": 0.7549999999999996,
  "best_validation_f1-measure-overall": 0.7823834196890688,
  "best_validation_loss": 1.2544240951538086
}