{
  "best_epoch": 239,
  "peak_cpu_memory_MB": 2963.864,
  "peak_gpu_0_memory_MB": 3666,
  "peak_gpu_1_memory_MB": 10,
  "peak_gpu_2_memory_MB": 10,
  "training_duration": "0:13:11.412718",
  "training_start_epoch": 0,
  "training_epochs": 240,
  "epoch": 240,
  "training_precision-overall": 0.987228607918263,
  "training_recall-overall": 0.9834605597964375,
  "training_f1-measure-overall": 0.9853409815168397,
  "training_loss": 0.008683152851517661,
  "training_cpu_memory_MB": 2963.864,
  "training_gpu_0_memory_MB": 3666,
  "training_gpu_1_memory_MB": 10,
  "training_gpu_2_memory_MB": 10,
  "validation_precision-overall": 0.8166666666666661,
  "validation_recall-overall": 0.7349999999999995,
  "validation_f1-measure-overall": 0.7736842105262655,
  "validation_loss": 1.2172433137893677,
  "best_validation_precision-overall": 0.8248587570621464,
  "best_validation_recall-overall": 0.7299999999999995,
  "best_validation_f1-measure-overall": 0.7745358090185174,
  "best_validation_loss": 1.2552558183670044
}