{
  "best_epoch": 90,
  "peak_cpu_memory_MB": 2963.864,
  "peak_gpu_0_memory_MB": 3666,
  "peak_gpu_1_memory_MB": 10,
  "peak_gpu_2_memory_MB": 10,
  "training_duration": "0:05:08.569538",
  "training_start_epoch": 0,
  "training_epochs": 93,
  "epoch": 93,
  "training_precision-overall": 0.9721518987341771,
  "training_recall-overall": 0.9770992366412212,
  "training_f1-measure-overall": 0.9746192893400515,
  "training_loss": 0.018925568285339978,
  "training_cpu_memory_MB": 2963.864,
  "training_gpu_0_memory_MB": 3666,
  "training_gpu_1_memory_MB": 10,
  "training_gpu_2_memory_MB": 10,
  "validation_precision-overall": 0.7891891891891887,
  "validation_recall-overall": 0.7299999999999995,
  "validation_f1-measure-overall": 0.7584415584415082,
  "validation_loss": 0.8395949602127075,
  "best_validation_precision-overall": 0.784210526315789,
  "best_validation_recall-overall": 0.7449999999999996,
  "best_validation_f1-measure-overall": 0.7641025641025138,
  "best_validation_loss": 0.7732226252555847
}